W10A2_CAPACITY_JSON={"batch": 1000, "collection_calls": 51, "count": 50000, "environment": "offline synthetic 500 series x 100 Episode observations / temporary SQLite; resolve stub, no external parsing", "final_sql_seconds": 11.421000000002095, "finalize_processed": [1000, 1000, 1000, 1000, 1000, 1000, 1000, 1000, 1000, 1000, 1000, 1000, 1000, 1000, 1000, 1000, 1000, 1000, 1000, 1000, 1000, 1000, 1000, 1000, 1000, 1000, 1000, 1000, 1000, 1000, 1000, 1000, 1000, 1000, 1000, 1000, 1000, 1000, 1000, 1000, 1000, 1000, 1000, 1000, 1000, 1000, 1000, 1000, 1000, 1000, 500], "managed_witness_count": 3, "old_visible_until_complete": true, "peak_rss_platform_units": null, "restarts": [{"finalize_after": null, "phase": "COLLECT", "start": 7000}, {"finalize_after": null, "phase": "COLLECT", "start": 14000}, {"finalize_after": null, "phase": "COLLECT", "start": 21000}, {"finalize_after": null, "phase": "COLLECT", "start": 28000}, {"finalize_after": null, "phase": "COLLECT", "start": 35000}, {"finalize_after": null, "phase": "COLLECT", "start": 42000}, {"finalize_after": null, "phase": "COLLECT", "start": 49000}, {"finalize_after": null, "phase": "RESOLVE", "start": 50500}, {"finalize_after": null, "phase": "RESOLVE", "start": 50500}, {"finalize_after": null, "phase": "RESOLVE", "start": 50500}, {"finalize_after": null, "phase": "RESOLVE", "start": 50500}, {"finalize_after": null, "phase": "RESOLVE", "start": 50500}, {"finalize_after": null, "phase": "RESOLVE", "start": 50500}, {"finalize_after": null, "phase": "RESOLVE", "start": 50500}, {"finalize_after": "004999", "phase": "FINALIZE", "start": 50500}, {"finalize_after": "011999", "phase": "FINALIZE", "start": 50500}, {"finalize_after": "018999", "phase": "FINALIZE", "start": 50500}, {"finalize_after": "025999", "phase": "FINALIZE", "start": 50500}, {"finalize_after": "032999", "phase": "FINALIZE", "start": 50500}, {"finalize_after": "039999", "phase": "FINALIZE", "start": 50500}, {"finalize_after": "046999", "phase": "FINALIZE", "start": 50500}], "sqlite_file_bytes": {"": 262709248, "-shm": 0, "-wal": 0}, "table_counts": {"archive_assets": 50000, "archive_contents": 50000, "archive_locations": 50000}, "total_seconds": 45.812999999994645}
test_meta_replay_preserves_real_clocks_budgets_authority_and_unknown_publish (test_acceptance_clocks.AcceptanceClockTests.test_meta_replay_preserves_real_clocks_budgets_authority_and_unknown_publish) ... ok
test_nonzero_idle_expiry_starts_at_confirmed_ingest_and_survives_reopen (test_acceptance_clocks.AcceptanceClockTests.test_nonzero_idle_expiry_starts_at_confirmed_ingest_and_survives_reopen) ... ok
test_rapid_handoff_completion_and_duplicate_receipt_do_not_shift_idle_clock (test_acceptance_clocks.AcceptanceClockTests.test_rapid_handoff_completion_and_duplicate_receipt_do_not_shift_idle_clock) ... ok
test_fixed_origin_survives_new_ingest_maintenance_and_creation_off_expiry (test_acceptance_expiry.ExpiryContractTests.test_fixed_origin_survives_new_ingest_maintenance_and_creation_off_expiry) ... ok
test_zero_days_with_populated_movie_tv_fixed_and_idle_anchors_remains_unlimited (test_acceptance_expiry.ExpiryContractTests.test_zero_days_with_populated_movie_tv_fixed_and_idle_anchors_remains_unlimited) ... ok
test_t021_candidate_season_scope_and_unbound_route_have_no_unconditional_plan (test_acceptance_policy_boundaries.PolicyBoundaryTests.test_t021_candidate_season_scope_and_unbound_route_have_no_unconditional_plan) ... ok
test_t022_two_quality_values_and_separate_pgs_explicit_evidence (test_acceptance_policy_boundaries.PolicyBoundaryTests.test_t022_two_quality_values_and_separate_pgs_explicit_evidence) ... ok
test_t027_present_old_missing_group_is_not_missing_or_fabricated (test_acceptance_policy_boundaries.PolicyBoundaryTests.test_t027_present_old_missing_group_is_not_missing_or_fabricated) ... ok
test_actual_reprofile_and_directory_rename_scan_preserve_populated_clocks (test_acceptance_runtime_clocks.RuntimeClockTests.test_actual_reprofile_and_directory_rename_scan_preserve_populated_clocks) ... ok
test_creation_off_keeps_existing_expiry_in_actual_runtime_tick (test_acceptance_runtime_clocks.RuntimeClockTests.test_creation_off_keeps_existing_expiry_in_actual_runtime_tick) ... ok
test_directed_discovery_rejudgment_keeps_ingest_observation_budgets_and_unknown (test_acceptance_runtime_clocks.RuntimeClockTests.test_directed_discovery_rejudgment_keeps_ingest_observation_budgets_and_unknown) ... ok
test_same_1080_native_reject_managed_admit (test_acceptance_t001.T001Integration.test_same_1080_native_reject_managed_admit) ... ok
test_dual_responder_cutover_retry_and_unchanged (test_acceptance_t032.T032IntegrationTests.test_dual_responder_cutover_retry_and_unchanged) ... subscriBetter AI unavailable: rate_limit
subscriBetter AI unavailable: rate_limit
ok
test_close_between_select_and_read_does_not_read_none_descriptor (test_acceptance_t041.T041Tests.test_close_between_select_and_read_does_not_read_none_descriptor) ... ok
test_concurrent_discovery_coalesces_and_changed_file_gets_new_identity (test_acceptance_t041.T041Tests.test_concurrent_discovery_coalesces_and_changed_file_gets_new_identity) ... ok
test_delivery_owns_one_watcher_and_closes_it (test_acceptance_t041.T041Tests.test_delivery_owns_one_watcher_and_closes_it) ... ok
test_inotify_parser_does_not_drop_queue_overflow (test_acceptance_t041.T041Tests.test_inotify_parser_does_not_drop_queue_overflow) ... ok
test_inotify_thread_exit_closes_descriptor (test_acceptance_t041.T041Tests.test_inotify_thread_exit_closes_descriptor) ... ok
test_overflow_degrades_then_complete_full_scan_restores_health (test_acceptance_t041.T041Tests.test_overflow_degrades_then_complete_full_scan_restores_health) ... ok
test_registration_failure_persists_full_scan_duty_and_retry_recovers (test_acceptance_t041.T041Tests.test_registration_failure_persists_full_scan_duty_and_retry_recovers) ... ok
test_d07_supported_subtitles_ignore_removed_assets_and_zip (test_acceptance_t054.T054IntegrationTests.test_d07_supported_subtitles_ignore_removed_assets_and_zip) ... ok
test_e07_failure_and_recovery_preserve_ingested_e08_and_shared_reference (test_acceptance_t068.T068AcceptanceTests.test_e07_failure_and_recovery_preserve_ingested_e08_and_shared_reference) ... ok
test_selective_three_legacy_plugin_cutover (test_acceptance_t081.T081IntegrationTests.test_selective_three_legacy_plugin_cutover) ... ok
test_no_notifications_due_full_scan_finds_unknown_deep_range_after_restart (test_acceptance_watch_disabled.WatchDisabledTests.test_no_notifications_due_full_scan_finds_unknown_deep_range_after_restart) ... ok
test_scan_permission_failure_is_durable_visible_and_recovers_without_watcher (test_acceptance_watch_disabled.WatchDisabledTests.test_scan_permission_failure_is_durable_visible_and_recovers_without_watcher) ... ok
test_watch_defaults_off_and_explicit_enable_is_typed (test_acceptance_watch_disabled.WatchDisabledTests.test_watch_defaults_off_and_explicit_enable_is_typed) ... ok
test_auth_rotation_rate_limit_and_restart_deadline (test_ai.AITests.test_auth_rotation_rate_limit_and_restart_deadline) ... ok
test_bridge_is_cache_only_bounded_and_owner_checked (test_ai.AITests.test_bridge_is_cache_only_bounded_and_owner_checked) ... ok
test_cache_exact_context_negative_copy_and_usage (test_ai.AITests.test_cache_exact_context_negative_copy_and_usage) ... ok
test_candidate_pipeline_uses_ai_then_independent_provider_identity (test_ai.AITests.test_candidate_pipeline_uses_ai_then_independent_provider_identity) ... ok
test_clear_title_skips_model_and_nonempty_native_conflict_uses_bounded_assistance (test_ai.AITests.test_clear_title_skips_model_and_nonempty_native_conflict_uses_bounded_assistance) ... ok
test_coalesced_calls_and_clear_fence_keep_real_resources (test_ai.AITests.test_coalesced_calls_and_clear_fence_keep_real_resources) ... ok
test_coalesced_followers_use_bounded_admission (test_ai.AITests.test_coalesced_followers_use_bounded_admission) ... ok
test_config_import_and_private_store (test_ai.AITests.test_config_import_and_private_store) ... ok
test_dribbling_response_checks_elapsed_deadline_per_received_chunk (test_ai.AITests.test_dribbling_response_checks_elapsed_deadline_per_received_chunk) ... ok
test_host_projection_unknown_responder_and_inactive_legacy_feature (test_ai.AITests.test_host_projection_unknown_responder_and_inactive_legacy_feature) ... ok
test_http_errors_distinct_and_non_auth_never_rotate (test_ai.AITests.test_http_errors_distinct_and_non_auth_never_rotate) ... ok
test_http_response_envelope_is_bounded_before_json_decode (test_ai.AITests.test_http_response_envelope_is_bounded_before_json_decode) ... ok
test_inflight_http_cache_clear_reload_and_disable_are_fenced_and_closed (test_ai.AITests.test_inflight_http_cache_clear_reload_and_disable_are_fenced_and_closed) ... ok
test_internal_assistance_requires_fresh_owner_before_network_and_cache (test_ai.AITests.test_internal_assistance_requires_fresh_owner_before_network_and_cache) ... ok
test_internal_pipeline_ignores_unused_auxiliary_listener (test_ai.AITests.test_internal_pipeline_ignores_unused_auxiliary_listener) ... ok
test_known_prompt_migration_retains_previous_backup (test_ai.AITests.test_known_prompt_migration_retains_previous_backup) ... ok
test_legacy_more_than_attempt_limit_keys_remain_ordered (test_ai.AITests.test_legacy_more_than_attempt_limit_keys_remain_ordered) ... ok
test_name_assistance_preserves_scope_and_rejects_hard_conflict (test_ai.AITests.test_name_assistance_preserves_scope_and_rejects_hard_conflict) ... ok
test_negative_ttl_and_unknown_usage_survive_restart_without_new_charge (test_ai.AITests.test_negative_ttl_and_unknown_usage_survive_restart_without_new_charge) ... ok
test_new_runtime_cannot_exceed_old_inflight_instance_bound (test_ai.AITests.test_new_runtime_cannot_exceed_old_inflight_instance_bound) ... ok
test_notification_failures_and_secrets_do_not_change_response_state (test_ai.AITests.test_notification_failures_and_secrets_do_not_change_response_state) ... ok
test_plugin_ai_lifecycle_errors_do_not_remove_ownership_safety (test_ai.AITests.test_plugin_ai_lifecycle_errors_do_not_remove_ownership_safety) ... ok
test_private_store_mode_symlinks_and_concurrent_atomic_updates (test_ai.AITests.test_private_store_mode_symlinks_and_concurrent_atomic_updates) ... skipped 'POSIX credential filesystem enforcement requires Linux'
test_profiles_are_serialized_and_chosen_model_is_not_replaced (test_ai.AITests.test_profiles_are_serialized_and_chosen_model_is_not_replaced) ... ok
test_profiles_endpoint_and_serialized_proxy_options (test_ai.AITests.test_profiles_endpoint_and_serialized_proxy_options) ... ok
test_reloaded_runtime_cannot_publish_old_request (test_ai.AITests.test_reloaded_runtime_cannot_publish_old_request) ... ok
test_removed_chat_config_has_no_runtime_and_name_transport_still_works (test_ai.AITests.test_removed_chat_config_has_no_runtime_and_name_transport_still_works) ... ok
test_review_R1_compressed_response_rejected_before_read_or_decode (test_ai.AITests.test_review_R1_compressed_response_rejected_before_read_or_decode) ... ok
test_review_R2_roman_sequel_case_never_changes_identity_guard (test_ai.AITests.test_review_R2_roman_sequel_case_never_changes_identity_guard) ... ok
test_source_title_and_subtitle_never_join_name_evidence (test_ai.AITests.test_source_title_and_subtitle_never_join_name_evidence) ... ok
test_strict_schema_and_grounded_source_boundaries (test_ai.AITests.test_strict_schema_and_grounded_source_boundaries) ... ok
test_theatrical_s00_numeric_title_and_explicit_id_conflict_share_recognition_gate (test_ai.AITests.test_theatrical_s00_numeric_title_and_explicit_id_conflict_share_recognition_gate) ... ok
test_unknown_dispatched_budget_survives_new_runtime (test_ai.AITests.test_unknown_dispatched_budget_survives_new_runtime) ... ok
test_legacy_alias_00 (test_ai.LegacyProtocolTests.test_legacy_alias_00) ... ok
test_legacy_alias_01 (test_ai.LegacyProtocolTests.test_legacy_alias_01) ... ok
test_legacy_alias_02 (test_ai.LegacyProtocolTests.test_legacy_alias_02) ... ok
test_legacy_alias_03 (test_ai.LegacyProtocolTests.test_legacy_alias_03) ... ok
test_legacy_alias_04 (test_ai.LegacyProtocolTests.test_legacy_alias_04) ... ok
test_legacy_alias_05 (test_ai.LegacyProtocolTests.test_legacy_alias_05) ... ok
test_legacy_alias_06 (test_ai.LegacyProtocolTests.test_legacy_alias_06) ... ok
test_legacy_alias_07 (test_ai.LegacyProtocolTests.test_legacy_alias_07) ... ok
test_legacy_alias_08 (test_ai.LegacyProtocolTests.test_legacy_alias_08) ... ok
test_legacy_movie_marker_00 (test_ai.LegacyProtocolTests.test_legacy_movie_marker_00) ... ok
test_legacy_movie_marker_01 (test_ai.LegacyProtocolTests.test_legacy_movie_marker_01) ... ok
test_legacy_movie_marker_02 (test_ai.LegacyProtocolTests.test_legacy_movie_marker_02) ... ok
test_legacy_movie_marker_03 (test_ai.LegacyProtocolTests.test_legacy_movie_marker_03) ... ok
test_legacy_movie_marker_04 (test_ai.LegacyProtocolTests.test_legacy_movie_marker_04) ... ok
test_legacy_movie_marker_05 (test_ai.LegacyProtocolTests.test_legacy_movie_marker_05) ... ok
test_legacy_movie_marker_06 (test_ai.LegacyProtocolTests.test_legacy_movie_marker_06) ... ok
test_legacy_movie_marker_07 (test_ai.LegacyProtocolTests.test_legacy_movie_marker_07) ... ok
test_legacy_movie_marker_08 (test_ai.LegacyProtocolTests.test_legacy_movie_marker_08) ... ok
test_legacy_movie_marker_09 (test_ai.LegacyProtocolTests.test_legacy_movie_marker_09) ... ok
test_audio_declaration_provenance_survives_ingest_and_rescan (test_archive.ArchiveTests.test_audio_declaration_provenance_survives_ingest_and_rescan) ... ok
test_audio_profile_uses_the_same_codec_and_token_guards (test_archive.ArchiveTests.test_audio_profile_uses_the_same_codec_and_token_guards) ... ok
test_audio_title_declarations_survive_projection_without_claiming_probe (test_archive.ArchiveTests.test_audio_title_declarations_survive_projection_without_claiming_probe) ... ok
test_confirm_all_assets_atomically_then_duplicate_never_writes (test_archive.ArchiveTests.test_confirm_all_assets_atomically_then_duplicate_never_writes) ... ok
test_confirm_rolls_back_receipts_and_clocks_on_archive_failure (test_archive.ArchiveTests.test_confirm_rolls_back_receipts_and_clocks_on_archive_failure) ... ok
test_current_old_library_independent_item_id_churn_multi_versions (test_archive.ArchiveTests.test_current_old_library_independent_item_id_churn_multi_versions) ... ok
test_discovery_inventory_projects_only_observed_tv_units (test_archive.ArchiveTests.test_discovery_inventory_projects_only_observed_tv_units) ... ok
test_embedded_attachment_paths_do_not_block_valid_media_facts (test_archive.ArchiveTests.test_embedded_attachment_paths_do_not_block_valid_media_facts) ... ok
test_emby_inventory_keeps_separate_versions_hidden_by_user_listing (test_archive.ArchiveTests.test_emby_inventory_keeps_separate_versions_hidden_by_user_listing) ... ok
test_enrichment_cannot_backfill_candidate_hash_from_current_cloud_file (test_archive.ArchiveTests.test_enrichment_cannot_backfill_candidate_hash_from_current_cloud_file) ... ok
test_enrichment_consumes_once_without_publish_plan_or_cooldown (test_archive.ArchiveTests.test_enrichment_consumes_once_without_publish_plan_or_cooldown) ... ok
test_enrichment_rolls_back_on_archive_failure_and_rejects_stale_cas (test_archive.ArchiveTests.test_enrichment_rolls_back_on_archive_failure_and_rejects_stale_cas) ... ok
test_enrichment_uses_verified_mapping_without_replacing_canonical_identity (test_archive.ArchiveTests.test_enrichment_uses_verified_mapping_without_replacing_canonical_identity) ... ok
test_incomplete_scan_keeps_versions_error_never_missing_then_confirmed_absence (test_archive.ArchiveTests.test_incomplete_scan_keeps_versions_error_never_missing_then_confirmed_absence) ... ok
test_live_host_cloud_hash_requires_independent_115_object (test_archive.ArchiveTests.test_live_host_cloud_hash_requires_independent_115_object) ... ok
test_paginated_restart_resumes_and_mapping_change_invalidates (test_archive.ArchiveTests.test_paginated_restart_resumes_and_mapping_change_invalidates) ... ok
test_prefix_boundary_multiline_oversize_and_symlink_escape (test_archive.ArchiveTests.test_prefix_boundary_multiline_oversize_and_symlink_escape) ... ok
test_prior_required_assets_are_rechecked_on_subsequent_current_scan (test_archive.ArchiveTests.test_prior_required_assets_are_rechecked_on_subsequent_current_scan) ... ok
test_public_classification_passes_media_type_and_rejects_same_id_wrong_type (test_archive.ArchiveTests.test_public_classification_passes_media_type_and_rejects_same_id_wrong_type) ... ok
test_public_emby_response_falsey_error_and_explicit_parent (test_archive.ArchiveTests.test_public_emby_response_falsey_error_and_explicit_parent) ... ok
test_raw_cloud_sdk_account_scope_hash_and_deadlines (test_archive.ArchiveTests.test_raw_cloud_sdk_account_scope_hash_and_deadlines) ... ok
test_resumed_old_scan_cannot_overwrite_newer_current (test_archive.ArchiveTests.test_resumed_old_scan_cannot_overwrite_newer_current) ... ok
test_review_I1_active_authority_still_requires_improvement_and_new_better_copy_blocks (test_archive.ArchiveTests.test_review_I1_active_authority_still_requires_improvement_and_new_better_copy_blocks) ... ok
test_review_I1_expired_handoff_survives_restart_without_relaxing_current_ttl (test_archive.ArchiveTests.test_review_I1_expired_handoff_survives_restart_without_relaxing_current_ttl) ... ok
test_review_I1_expired_stale_generation_keeps_receipt_only_and_no_promotion (test_archive.ArchiveTests.test_review_I1_expired_stale_generation_keeps_receipt_only_and_no_promotion) ... ok
test_review_I1_expired_upgrade_preserves_comparison_and_refreshes_surviving_copy (test_archive.ArchiveTests.test_review_I1_expired_upgrade_preserves_comparison_and_refreshes_surviving_copy) ... ok
test_review_I1_one_empty_library_snapshot_cannot_retire_a_surviving_copy (test_archive.ArchiveTests.test_review_I1_one_empty_library_snapshot_cannot_retire_a_surviving_copy) ... ok
test_review_I1_refresh_comparison_and_current_vector_must_share_revision (test_archive.ArchiveTests.test_review_I1_refresh_comparison_and_current_vector_must_share_revision) ... ok
test_review_I1_refresh_failure_and_pagination_do_not_clear_barrier (test_archive.ArchiveTests.test_review_I1_refresh_failure_and_pagination_do_not_clear_barrier) ... ok
test_review_I2_independent_library_and_service_associations_share_only_bytes (test_archive.ArchiveTests.test_review_I2_independent_library_and_service_associations_share_only_bytes) ... ok
test_review_I2_unambiguous_legacy_identity_keeps_its_own_claims_only (test_archive.ArchiveTests.test_review_I2_unambiguous_legacy_identity_keeps_its_own_claims_only) ... ok
test_review_I3_retained_idx_sub_pair_requires_its_current_idx_stream (test_archive.ArchiveTests.test_review_I3_retained_idx_sub_pair_requires_its_current_idx_stream) ... ok
test_review_I3_retained_required_subtitle_still_needs_stream_association (test_archive.ArchiveTests.test_review_I3_retained_required_subtitle_still_needs_stream_association) ... ok
test_review_I4_grouped_sources_keep_independent_strm_snapshots_and_quality (test_archive.ArchiveTests.test_review_I4_grouped_sources_keep_independent_strm_snapshots_and_quality) ... ok
test_review_I5_second_publication_retires_replaced_content_keeps_independent_copy (test_archive.ArchiveTests.test_review_I5_second_publication_retires_replaced_content_keeps_independent_copy) ... ok
test_review_I5_shared_required_subtitle_replacement_invalidates_other_claims (test_archive.ArchiveTests.test_review_I5_shared_required_subtitle_replacement_invalidates_other_claims) ... ok
test_review_I5_sidecar_replacement_keeps_video_required_and_old_source_history (test_archive.ArchiveTests.test_review_I5_sidecar_replacement_keeps_video_required_and_old_source_history) ... ok
test_review_N1_missing_retained_font_license_or_other_subtitle_blocks_reliable_current (test_archive.ArchiveTests.test_review_N1_missing_retained_font_license_or_other_subtitle_blocks_reliable_current) ... ok
test_review_N1_retained_dependency_rejects_unproved_bytes_or_account_rebinding (test_archive.ArchiveTests.test_review_N1_retained_dependency_rejects_unproved_bytes_or_account_rebinding) ... ok
test_review_N1_supplement_retains_coherent_dependencies_with_colliding_source_indices (test_archive.ArchiveTests.test_review_N1_supplement_retains_coherent_dependencies_with_colliding_source_indices) ... ok
test_review_i2_altered_manifest_or_missing_durable_receipt_rejected (test_archive.ArchiveTests.test_review_i2_altered_manifest_or_missing_durable_receipt_rejected) ... ok
test_review_i2_missing_final_asset_preserves_unknown (test_archive.ArchiveTests.test_review_i2_missing_final_asset_preserves_unknown) ... ok
test_review_i2_stale_owner_preserves_unknown (test_archive.ArchiveTests.test_review_i2_stale_owner_preserves_unknown) ... ok
test_review_i2_unknown_final_proof_confirms_atomically (test_archive.ArchiveTests.test_review_i2_unknown_final_proof_confirms_atomically) ... ok
test_review_i2_unknown_requires_original_bound_manifest (test_archive.ArchiveTests.test_review_i2_unknown_requires_original_bound_manifest) ... ok
test_scan_requires_readable_mount_and_commit_snapshot (test_archive.ArchiveTests.test_scan_requires_readable_mount_and_commit_snapshot) ... ok
test_scans_do_not_resurrect_replaced_path_and_retained_publication_assets (test_archive.ArchiveTests.test_scans_do_not_resurrect_replaced_path_and_retained_publication_assets) ... ok
test_schema5_migration_preserves_receipts_and_all_old_rows (test_archive.ArchiveTests.test_schema5_migration_preserves_receipts_and_all_old_rows) ... ok
test_scoped_two_stage_unicode_and_changed_target_with_identical_strm (test_archive.ArchiveTests.test_scoped_two_stage_unicode_and_changed_target_with_identical_strm) ... ok
test_sdk_harness_reads_without_repository_or_policy (test_archive.ArchiveTests.test_sdk_harness_reads_without_repository_or_policy) ... ok
test_stale_cached_facts_do_not_remain_present_forever (test_archive.ArchiveTests.test_stale_cached_facts_do_not_remain_present_forever) ... ok
test_stale_ingest_receipt_cannot_promote_archive (test_archive.ArchiveTests.test_stale_ingest_receipt_cannot_promote_archive) ... ok
test_stream_quality_conflicting_with_authorized_plan_cannot_confirm (test_archive.ArchiveTests.test_stream_quality_conflicting_with_authorized_plan_cannot_confirm) ... ok
test_strm_changed_after_finalize_before_publish_is_not_committed (test_archive.ArchiveTests.test_strm_changed_after_finalize_before_publish_is_not_committed) ... ok
test_subtitle_must_be_associated_in_current_emby_streams (test_archive.ArchiveTests.test_subtitle_must_be_associated_in_current_emby_streams) ... ok
test_current_fences_and_receipt_digest_are_rechecked (test_cancel_entry.CancelEntryTests.test_current_fences_and_receipt_digest_are_rechecked) ... ok
test_known_unknown_id_cancels_through_management_and_replays_once (test_cancel_entry.CancelEntryTests.test_known_unknown_id_cancels_through_management_and_replays_once) ... ok
test_no_terminal_empty_ack_and_not_found_stay_pending (test_cancel_entry.CancelEntryTests.test_no_terminal_empty_ack_and_not_found_stay_pending) ... ok
test_safety_cancel_keeps_deadline_and_account_checks (test_cancel_entry.CancelEntryTests.test_safety_cancel_keeps_deadline_and_account_checks) ... ok
test_shared_reference_still_blocks_exact_id (test_cancel_entry.CancelEntryTests.test_shared_reference_still_blocks_exact_id) ... ok
test_unknown_without_id_unrelated_action_and_publication_stay_blocked (test_cancel_entry.CancelEntryTests.test_unknown_without_id_unrelated_action_and_publication_stay_blocked) ... ok
test_T116_superseded_old_delivery_remains_visible_for_review (test_management.ManagementTests.test_T116_superseded_old_delivery_remains_visible_for_review) ... ok
test_ai_clear_fences_and_prompt_restore_use_no_model_or_chat (test_management.ManagementTests.test_ai_clear_fences_and_prompt_restore_use_no_model_or_chat) ... ok
test_cancel_never_cleans_and_cleanup_permissions_are_independent (test_management.ManagementTests.test_cancel_never_cleans_and_cleanup_permissions_are_independent) ... ok
test_completed_tv_mode_switch_keeps_episode_facts_and_survives_restart (test_management.ManagementTests.test_completed_tv_mode_switch_keeps_episode_facts_and_survives_restart) ... ok
test_decision_joins_actual_plan_id_and_digest_without_raw_file_table (test_management.ManagementTests.test_decision_joins_actual_plan_id_and_digest_without_raw_file_table) ... ok
test_discovery_add_readback_handoff_and_each_tv_generation (test_management.ManagementTests.test_discovery_add_readback_handoff_and_each_tv_generation) ... ok
test_history_preview_stale_idempotent_and_visibility_independent_metrics (test_management.ManagementTests.test_history_preview_stale_idempotent_and_visibility_independent_metrics) ... ok
test_immediate_common_runtime_waits_for_inventory_and_cannot_revive_stop (test_management.ManagementTests.test_immediate_common_runtime_waits_for_inventory_and_cannot_revive_stop) ... ok
test_immutable_sanitized_decision_survives_reload (test_management.ManagementTests.test_immutable_sanitized_decision_survives_reload) ... ok
test_logical_archive_invalidation_preserves_file_and_no_exclusion (test_management.ManagementTests.test_logical_archive_invalidation_preserves_file_and_no_exclusion) ... ok
test_server_page_and_stable_huge_ids_and_failure (test_management.ManagementTests.test_server_page_and_stable_huge_ids_and_failure) ... ok
test_settings_explicitly_rebind_reviewed_policy_and_parse_revisions (test_management.ManagementTests.test_settings_explicitly_rebind_reviewed_policy_and_parse_revisions) ... ok
test_settings_preserve_clocks_budget_and_stop_has_no_resume (test_management.ManagementTests.test_settings_preserve_clocks_budget_and_stop_has_no_resume) ... ok
test_settings_preview_shows_revisions_and_rejects_changed_revision (test_management.ManagementTests.test_settings_preview_shows_revisions_and_rejects_changed_revision) ... ok
test_unknown_retry_and_shared_reference_never_dispatch (test_management.ManagementTests.test_unknown_retry_and_shared_reference_never_dispatch) ... ok
test_actual_pipeline_to_policy_and_fresh_revalidation (test_candidates.CandidateTests.test_actual_pipeline_to_policy_and_fresh_revalidation) ... ok
test_cross_provider_mapping_preserves_canonical_identity_and_requires_consistent_typed_evidence (test_candidates.CandidateTests.test_cross_provider_mapping_preserves_canonical_identity_and_requires_consistent_typed_evidence) ... ok
test_full_table_retains_indices_but_only_video_and_text_subtitles_are_managed (test_candidates.CandidateTests.test_full_table_retains_indices_but_only_video_and_text_subtitles_are_managed) ... ok
test_host_provider_identity_uses_only_consistent_payload_ids (test_candidates.CandidateTests.test_host_provider_identity_uses_only_consistent_payload_ids) ... ok
test_host_provider_only_recognition_preserves_none_id_and_candidate_meta (test_candidates.CandidateTests.test_host_provider_only_recognition_preserves_none_id_and_candidate_meta) ... ok
test_identity_never_uses_title_size_or_target_injection (test_candidates.CandidateTests.test_identity_never_uses_title_size_or_target_injection) ... ok
test_missing_rss_text_defers_until_exact_site_result_supplies_it (test_candidates.CandidateTests.test_missing_rss_text_defers_until_exact_site_result_supplies_it) ... ok
test_native_global_filter_is_not_the_candidate_entry (test_candidates.CandidateTests.test_native_global_filter_is_not_the_candidate_entry) ... ok
test_no_site_zero_requests_and_continue_unrelated_keyword (test_candidates.CandidateTests.test_no_site_zero_requests_and_continue_unrelated_keyword) ... ok
test_noisy_first_keyword_does_not_starve_trusted_alias (test_candidates.CandidateTests.test_noisy_first_keyword_does_not_starve_trusted_alias) ... ok
test_provider_conflict_never_recognizes_using_target_id (test_candidates.CandidateTests.test_provider_conflict_never_recognizes_using_target_id) ... ok
test_real_torrent_bytes_hash_table_and_symlink_rejection (test_candidates.CandidateTests.test_real_torrent_bytes_hash_table_and_symlink_rejection) ... ok
test_rss_incomplete_and_secret_redaction (test_candidates.CandidateTests.test_rss_incomplete_and_secret_redaction) ... ok
test_same_candidate_parse_samples_are_owned_per_task (test_candidates.CandidateTests.test_same_candidate_parse_samples_are_owned_per_task) ... ok
test_same_site_same_text_distinct_ids_remain_independently_selectable (test_candidates.CandidateTests.test_same_site_same_text_distinct_ids_remain_independently_selectable) ... ok
test_sample_videos_are_retained_but_never_managed (test_candidates.CandidateTests.test_sample_videos_are_retained_but_never_managed) ... ok
test_unsafe_paths_and_ambiguous_subtitle_refused (test_candidates.CandidateTests.test_unsafe_paths_and_ambiguous_subtitle_refused) ... ok
test_verified_provider_bracket_alias_unlocks_only_matching_physical_name (test_candidates.CandidateTests.test_verified_provider_bracket_alias_unlocks_only_matching_physical_name) ... ok
test_earlier_bundle_work_reduces_next_reader_budget (test_cd2_recovery.RecoveryTests.test_earlier_bundle_work_reduces_next_reader_budget) ... ok
test_enabled_same_id_is_not_starved_by_observe_only_across_ticks (test_cd2_recovery.RecoveryTests.test_enabled_same_id_is_not_starved_by_observe_only_across_ticks) ... ok
test_exception_after_start_id_save_before_pump_closes_channel (test_cd2_recovery.RecoveryTests.test_exception_after_start_id_save_before_pump_closes_channel) ... ok
test_generic_no_id_timeout_before_start_is_not_a_local_budget_receipt (test_cd2_recovery.RecoveryTests.test_generic_no_id_timeout_before_start_is_not_a_local_budget_receipt) ... ok
test_global_tick_deadline_caps_even_a_later_caller_deadline (test_cd2_recovery.RecoveryTests.test_global_tick_deadline_caps_even_a_later_caller_deadline) ... ok
test_invalid_start_budget_cannot_open_a_channel (test_cd2_recovery.RecoveryTests.test_invalid_start_budget_cannot_open_a_channel) ... ok
test_missing_queue_receipt_checks_exact_remote_before_waiting (test_cd2_recovery.RecoveryTests.test_missing_queue_receipt_checks_exact_remote_before_waiting) ... ok
test_off_retired_generation_and_old_scope_never_get_ordinary_work (test_cd2_recovery.RecoveryTests.test_off_retired_generation_and_old_scope_never_get_ordinary_work) ... ok
test_original_id_terminal_observation_survives_unavailable_sources_in_runtime_and_direct (test_cd2_recovery.RecoveryTests.test_original_id_terminal_observation_survives_unavailable_sources_in_runtime_and_direct) ... ok
test_pending_channel_cleanup_even_if_initial_cloud_checkpoint_rejects (test_cd2_recovery.RecoveryTests.test_pending_channel_cleanup_even_if_initial_cloud_checkpoint_rejects) ... ok
test_persisted_protocol_progress_and_provider_text_never_become_terminal (test_cd2_recovery.RecoveryTests.test_persisted_protocol_progress_and_provider_text_never_become_terminal) ... ok
test_preparation_and_start_share_one_budget_and_reused_channel (test_cd2_recovery.RecoveryTests.test_preparation_and_start_share_one_budget_and_reused_channel) ... ok
test_protocol_failure_keeps_partial_progress_and_safe_stage_reason (test_cd2_recovery.RecoveryTests.test_protocol_failure_keeps_partial_progress_and_safe_stage_reason) ... ok
test_proven_pre_start_budget_exhaustion_remains_retryable (test_cd2_recovery.RecoveryTests.test_proven_pre_start_budget_exhaustion_remains_retryable) ... ok
test_sent_start_timeout_without_id_stays_unknown_and_never_restarts (test_cd2_recovery.RecoveryTests.test_sent_start_timeout_without_id_stays_unknown_and_never_restarts) ... ok
test_start_return_after_deadline_persists_id_and_closes_pending_channel (test_cd2_recovery.RecoveryTests.test_start_return_after_deadline_persists_id_and_closes_pending_channel) ... ok
test_fix1_management_import_failure_fences_before_config_and_until_native_init (test_configuration.ConfigurationAPITests.test_fix1_management_import_failure_fences_before_config_and_until_native_init) ... <workspace>\.superpowers\review-venv\Lib\site-packages\fastapi\testclient.py:1: StarletteDeprecationWarning: Using `httpx` with `starlette.testclient` is deprecated; install `httpx2` instead.
  from starlette.testclient import TestClient as TestClient  # noqa
ok
test_fix1_typed_desired_cutover_native_init_guard_and_no_overlap (test_configuration.ConfigurationAPITests.test_fix1_typed_desired_cutover_native_init_guard_and_no_overlap) ... ok
test_typed_authenticated_safe_api_and_get_readonly (test_configuration.ConfigurationAPITests.test_typed_authenticated_safe_api_and_get_readonly) ... ok
test_typed_import_receipt_history_and_request_budget (test_configuration.ConfigurationAPITests.test_typed_import_receipt_history_and_request_budget) ... ok
test_bootstrap_restart_cannot_bypass_preview_or_consume_another_preview (test_configuration.ConfigurationTests.test_bootstrap_restart_cannot_bypass_preview_or_consume_another_preview) ... ok
test_current_category_binding_is_revision_enabled_and_type_fenced (test_configuration.ConfigurationTests.test_current_category_binding_is_revision_enabled_and_type_fenced) ... ok
test_cutover_selected_legacy_readbacks_unknown_clone_and_restart (test_configuration.ConfigurationTests.test_cutover_selected_legacy_readbacks_unknown_clone_and_restart) ... ok
test_discovery_owner_uses_existing_digest_and_actual_scheduler_identity (test_configuration.ConfigurationTests.test_discovery_owner_uses_existing_digest_and_actual_scheduler_identity) ... ok
test_existing_w07_rule_permission_preserves_only_identical_explicit_permission (test_configuration.ConfigurationTests.test_existing_w07_rule_permission_preserves_only_identical_explicit_permission) ... ok
test_fix1_cutover_binds_desired_config_and_keeps_baseline_across_restart (test_configuration.ConfigurationTests.test_fix1_cutover_binds_desired_config_and_keeps_baseline_across_restart) ... ok
test_fix1_cutover_unrelated_edit_cannot_reuse_reviewed_transition (test_configuration.ConfigurationTests.test_fix1_cutover_unrelated_edit_cannot_reuse_reviewed_transition) ... ok
test_fix1_legacy_async_timeout_and_cancel_close_stream_without_late_get (test_configuration.ConfigurationTests.test_fix1_legacy_async_timeout_and_cancel_close_stream_without_late_get) ... ok
test_fix1_legacy_deadline_includes_safety_before_dispatch (test_configuration.ConfigurationTests.test_fix1_legacy_deadline_includes_safety_before_dispatch) ... ok
test_fix1_private_values_never_enter_identity_receipt_config_or_sqlite (test_configuration.ConfigurationTests.test_fix1_private_values_never_enter_identity_receipt_config_or_sqlite) ... ok
test_fix2_numeric_private_scalars_redact_history_and_reject_operational_config (test_configuration.ConfigurationTests.test_fix2_numeric_private_scalars_redact_history_and_reject_operational_config) ... ok
test_fix2_source_private_context_survives_import_retry_restart_and_receipt_reuse (test_configuration.ConfigurationTests.test_fix2_source_private_context_survives_import_retry_restart_and_receipt_reuse) ... ok
test_historical_chat_receipt_is_readable_but_cannot_advance (test_configuration.ConfigurationTests.test_historical_chat_receipt_is_readable_but_cannot_advance) ... ok
test_import_restart_after_config_write_resumes_without_overwriting_user_edit (test_configuration.ConfigurationTests.test_import_restart_after_config_write_resumes_without_overwriting_user_edit) ... ok
test_legacy_all_named_fields_raw_snapshot_private_and_reimport_after_edit (test_configuration.ConfigurationTests.test_legacy_all_named_fields_raw_snapshot_private_and_reimport_after_edit) ... ok
test_legacy_whole_instance_requires_known_capabilities_and_stopped_jobs (test_configuration.ConfigurationTests.test_legacy_whole_instance_requires_known_capabilities_and_stopped_jobs) ... ok
test_narrow_legacy_read_requires_preview_and_never_follows_user_method_or_route (test_configuration.ConfigurationTests.test_narrow_legacy_read_requires_preview_and_never_follows_user_method_or_route) ... ok
test_narrow_reader_only_gets_two_fixed_paths_and_sanitizes_safety_failure (test_configuration.ConfigurationTests.test_narrow_reader_only_gets_two_fixed_paths_and_sanitizes_safety_failure) ... ok
test_native_save_requires_preflight_and_preserves_last_valid_nested_values (test_configuration.ConfigurationTests.test_native_save_requires_preflight_and_preserves_last_valid_nested_values) ... ok
test_owner_no_overlap_fresh_drift_partial_cutover_and_rollback (test_configuration.ConfigurationTests.test_owner_no_overlap_fresh_drift_partial_cutover_and_rollback) ... ok
test_persisted_chat_fields_are_removed_without_losing_config_or_receipts (test_configuration.ConfigurationTests.test_persisted_chat_fields_are_removed_without_losing_config_or_receipts) ... ok
test_policy_migration_exposes_supported_predicates_and_requires_explicit_equivalent (test_configuration.ConfigurationTests.test_policy_migration_exposes_supported_predicates_and_requires_explicit_equivalent) ... ok
test_private_snapshot_platform_boundary_and_duplicate_json_rejection (test_configuration.ConfigurationTests.test_private_snapshot_platform_boundary_and_duplicate_json_rejection) ... ok
test_schema9_migration_preserves_all_existing_rows_and_columns (test_configuration.ConfigurationTests.test_schema9_migration_preserves_all_existing_rows_and_columns) ... ok
test_strict_configuration_rejects_unknown_nested_and_unsafe_dependencies (test_configuration.ConfigurationTests.test_strict_configuration_rejects_unknown_nested_and_unsafe_dependencies) ... ok
test_T116_restart_scan_and_reorganized_old_file_do_not_revive_superseded_upload (test_delivery.DeliveryTests.test_T116_restart_scan_and_reorganized_old_file_do_not_revive_superseded_upload) ... ok
test_actual_publication_gate_rejects_stale_or_better_current (test_delivery.DeliveryTests.test_actual_publication_gate_rejects_stale_or_better_current) ... ok
test_cancel_persists_exclusion_before_reader_rpc_and_never_assumes_empty_ack (test_delivery.DeliveryTests.test_cancel_persists_exclusion_before_reader_rpc_and_never_assumes_empty_ack) ... ok
test_cancelled_partial_sidecar_never_moves_remaining_asset (test_delivery.DeliveryTests.test_cancelled_partial_sidecar_never_moves_remaining_asset) ... ok
test_cd2_unique_queue_absence_not_success (test_delivery.DeliveryTests.test_cd2_unique_queue_absence_not_success) ... ok
test_changed_inode_invalidates_cached_hash (test_delivery.DeliveryTests.test_changed_inode_invalidates_cached_hash) ... ok
test_cleanup_blocker_survives_restart_then_clears_after_reader_settles (test_delivery.DeliveryTests.test_cleanup_blocker_survives_restart_then_clears_after_reader_settles) ... ok
test_cleanup_permissions_are_independent_and_no_age_cleanup (test_delivery.DeliveryTests.test_cleanup_permissions_are_independent_and_no_age_cleanup) ... ok
test_completed_prepare_hash_survives_expired_dispatch_without_weakening_digest (test_delivery.DeliveryTests.test_completed_prepare_hash_survives_expired_dispatch_without_weakening_digest) ... ok
test_consumer_unsettled_does_not_append_handoff_or_confirm (test_delivery.DeliveryTests.test_consumer_unsettled_does_not_append_handoff_or_confirm) ... ok
test_disabled_rule_safety_observes_issued_upload_without_new_dispatch (test_delivery.DeliveryTests.test_disabled_rule_safety_observes_issued_upload_without_new_dispatch) ... ok
test_downloader_cleanup_durable_guard_blocks_new_send (test_delivery.DeliveryTests.test_downloader_cleanup_durable_guard_blocks_new_send) ... ok
test_exclusion_revision_checked_inside_publish_transaction (test_delivery.DeliveryTests.test_exclusion_revision_checked_inside_publish_transaction) ... ok
test_failed_deep_scan_preserves_observations_and_restart_covers_unseen_file (test_delivery.DeliveryTests.test_failed_deep_scan_preserves_observations_and_restart_covers_unseen_file) ... ok
test_full_scan_finds_deep_addition_and_does_not_delete_on_partial (test_delivery.DeliveryTests.test_full_scan_finds_deep_addition_and_does_not_delete_on_partial) ... ok
test_late_success_after_supersede_only_old_staging (test_delivery.DeliveryTests.test_late_success_after_supersede_only_old_staging) ... ok
test_live_cd2_durable_pause_resumes_same_id_after_worker_restart (test_delivery.DeliveryTests.test_live_cd2_durable_pause_resumes_same_id_after_worker_restart) ... ok
test_live_cd2_exact_terminal_failure_is_durable_without_retry (test_delivery.DeliveryTests.test_live_cd2_exact_terminal_failure_is_durable_without_retry) ... ok
test_live_cd2_expired_authority_observes_without_opening_source (test_delivery.DeliveryTests.test_live_cd2_expired_authority_observes_without_opening_source) ... ok
test_live_cd2_finish_proof_survives_remote_readback_failure (test_delivery.DeliveryTests.test_live_cd2_finish_proof_survives_remote_readback_failure) ... ok
test_live_cd2_start_pumps_immediately_and_reconnect_never_restarts (test_delivery.DeliveryTests.test_live_cd2_start_pumps_immediately_and_reconnect_never_restarts) ... ok
test_local_scan_owns_nested_root_without_following_directory_symlink (test_delivery.DeliveryTests.test_local_scan_owns_nested_root_without_following_directory_symlink) ... ok
test_manifest_index_binding_and_idempotent_hash (test_delivery.DeliveryTests.test_manifest_index_binding_and_idempotent_hash) ... ok
test_misses_only_and_retry_due_survive_restart (test_delivery.DeliveryTests.test_misses_only_and_retry_due_survive_restart) ... ok
test_missing_or_changed_rule_rejects_every_bundle_entrypoint (test_delivery.DeliveryTests.test_missing_or_changed_rule_rejects_every_bundle_entrypoint) ... ok
test_missing_organizer_success_receipt_blocks_adoption (test_delivery.DeliveryTests.test_missing_organizer_success_receipt_blocks_adoption) ... ok
test_missing_required_asset_blocks_bundle (test_delivery.DeliveryTests.test_missing_required_asset_blocks_bundle) ... ok
test_missing_rule_maintenance_defers_and_advances_to_next_bundle (test_delivery.DeliveryTests.test_missing_rule_maintenance_defers_and_advances_to_next_bundle) ... ok
test_partial_bundle_never_removes_whole_downloader_task (test_delivery.DeliveryTests.test_partial_bundle_never_removes_whole_downloader_task) ... ok
test_partial_sidecar_publication_resumes_on_runtime_safety (test_delivery.DeliveryTests.test_partial_sidecar_publication_resumes_on_runtime_safety) ... ok
test_permission_change_does_not_recreate_transfer_or_rehash (test_delivery.DeliveryTests.test_permission_change_does_not_recreate_transfer_or_rehash) ... ok
test_prepare_hash_rejects_same_size_change_with_restored_mtime (test_delivery.DeliveryTests.test_prepare_hash_rejects_same_size_change_with_restored_mtime) ... skipped 'POSIX ctime identity required'
test_publish_skip_is_conflict_not_success (test_delivery.DeliveryTests.test_publish_skip_is_conflict_not_success) ... ok
test_publish_unknown_restart_does_not_move_twice (test_delivery.DeliveryTests.test_publish_unknown_restart_does_not_move_twice) ... ok
test_reauthorized_plan_adopts_exact_old_receipt_without_copying_rows (test_delivery.DeliveryTests.test_reauthorized_plan_adopts_exact_old_receipt_without_copying_rows) ... ok
test_receipt_and_bundle_miss_are_one_transaction (test_delivery.DeliveryTests.test_receipt_and_bundle_miss_are_one_transaction) ... ok
test_refresh_failure_does_not_repeat_rapid (test_delivery.DeliveryTests.test_refresh_failure_does_not_repeat_rapid) ... ok
test_review_i1_absent_conflicting_or_unreadable_rapid_stays_unknown (test_delivery.DeliveryTests.test_review_i1_absent_conflicting_or_unreadable_rapid_stays_unknown) ... ok
test_review_i1_cancelled_rapid_unknown_reconciles_only_original_result (test_delivery.DeliveryTests.test_review_i1_cancelled_rapid_unknown_reconciles_only_original_result) ... ok
test_review_i1_superseded_rapid_keeps_successor_authority (test_delivery.DeliveryTests.test_review_i1_superseded_rapid_keeps_successor_authority) ... ok
test_review_i2_confirmed_receipt_recovers_bundle_after_commit_restart (test_delivery.DeliveryTests.test_review_i2_confirmed_receipt_recovers_bundle_after_commit_restart) ... ok
test_review_i2_consumed_entry_reaches_validator_without_premature_handoff (test_delivery.DeliveryTests.test_review_i2_consumed_entry_reaches_validator_without_premature_handoff) ... ok
test_review_i3_host_prepare_validates_explicit_claim_then_bound_claim (test_delivery.DeliveryTests.test_review_i3_host_prepare_validates_explicit_claim_then_bound_claim) ... ok
test_review_i4_legacy_checkpoint_wrong_source_retries_then_recovers (test_delivery.DeliveryTests.test_review_i4_legacy_checkpoint_wrong_source_retries_then_recovers) ... ok
test_review_i4_mount_identity_change_preserves_confirmed_source (test_delivery.DeliveryTests.test_review_i4_mount_identity_change_preserves_confirmed_source) ... ok
test_review_i4_replaced_empty_root_preserves_observations_and_recovers (test_delivery.DeliveryTests.test_review_i4_replaced_empty_root_preserves_observations_and_recovers) ... ok
test_rule_overlap_and_empty_fallback_are_not_unlimited (test_delivery.DeliveryTests.test_rule_overlap_and_empty_fallback_are_not_unlimited) ... ok
test_rule_rejects_cloudfs_mount (test_delivery.DeliveryTests.test_rule_rejects_cloudfs_mount) ... skipped 'Linux mountinfo required'
test_rule_rejects_symlinked_ancestor_of_monitor_root (test_delivery.DeliveryTests.test_rule_rejects_symlinked_ancestor_of_monitor_root) ... ok
test_safe_unlink_hardlink_and_symlink_preserve_targets_and_parent_swap (test_delivery.DeliveryTests.test_safe_unlink_hardlink_and_symlink_preserve_targets_and_parent_swap) ... skipped 'Linux dirfd/nofollow acceptance is a separate host gate'
test_schema6_migration_preserves_every_old_row (test_delivery.DeliveryTests.test_schema6_migration_preserves_every_old_row) ... ok
test_sidecar_supplement_moves_beside_exact_current_video_and_recovers_lost_reply (test_delivery.DeliveryTests.test_sidecar_supplement_moves_beside_exact_current_video_and_recovers_lost_reply) ... ok
test_staging_permission_cannot_enable_monitor_or_downloader_cleanup (test_delivery.DeliveryTests.test_staging_permission_cannot_enable_monitor_or_downloader_cleanup) ... ok
test_tick_with_no_events_scans_and_advances_only_durable_bundle (test_delivery.DeliveryTests.test_tick_with_no_events_scans_and_advances_only_durable_bundle) ... ok
test_unknown_sidecar_move_is_never_redispatched_while_remote_is_in_flight (test_delivery.DeliveryTests.test_unknown_sidecar_move_is_never_redispatched_while_remote_is_in_flight) ... ok
test_unlisted_remote_asset_blocks_entire_bundle_publication (test_delivery.DeliveryTests.test_unlisted_remote_asset_blocks_entire_bundle_publication) ... ok
test_bad_range_and_unknown_hash_fail_without_body (test_delivery_cloud.CloudTests.test_bad_range_and_unknown_hash_fail_without_body) ... ok
test_cancel_ack_alone_is_unknown_and_never_reads (test_delivery_cloud.CloudTests.test_cancel_ack_alone_is_unknown_and_never_reads) ... ok
test_live_block_hash_pause_keeps_completed_blocks_for_next_pump (test_delivery_cloud.CloudTests.test_live_block_hash_pause_keeps_completed_blocks_for_next_pump) ... ok
test_live_budget_pause_then_restart_channel_before_resume (test_delivery_cloud.CloudTests.test_live_budget_pause_then_restart_channel_before_resume) ... ok
test_live_cancel_subscribes_before_control_and_observe_never_reads (test_delivery_cloud.CloudTests.test_live_cancel_subscribes_before_control_and_observe_never_reads) ... ok
test_live_pause_ack_without_event_remains_unknown (test_delivery_cloud.CloudTests.test_live_pause_ack_without_event_remains_unknown) ... ok
test_live_placeholder_hash_is_not_remote_verification (test_delivery_cloud.CloudTests.test_live_placeholder_hash_is_not_remote_verification) ... ok
test_live_start_subscribes_once_and_pump_reuses_that_channel (test_delivery_cloud.CloudTests.test_live_start_subscribes_once_and_pump_reuses_that_channel) ... ok
test_move_explicit_skip_no_merge (test_delivery_cloud.CloudTests.test_move_explicit_skip_no_merge) ... ok
test_rapid_state_true_status_one_still_miss (test_delivery_cloud.CloudTests.test_rapid_state_true_status_one_still_miss) ... ok
test_refresh_walks_authorized_ancestors_for_cloudfs_visibility (test_delivery_cloud.CloudTests.test_refresh_walks_authorized_ancestors_for_cloudfs_visibility) ... ok
test_unknown_id_reads_nothing_and_overlap_is_not_completion (test_delivery_cloud.CloudTests.test_unknown_id_reads_nothing_and_overlap_is_not_completion) ... ok
test_T191_bad_document_keeps_success_watermark_and_other_source_runs (test_discovery.DiscoveryTests.test_T191_bad_document_keeps_success_watermark_and_other_source_runs) ... ok
test_T191_non_rss_and_invalid_channels_are_explicit_failures (test_discovery.DiscoveryTests.test_T191_non_rss_and_invalid_channels_are_explicit_failures) ... ok
test_catalog_basepath_and_no_public_fallback (test_discovery.DiscoveryTests.test_catalog_basepath_and_no_public_fallback) ... ok
test_cross_source_dedup_stopped_precedence_and_common_exclusion_gate (test_discovery.DiscoveryTests.test_cross_source_dedup_stopped_precedence_and_common_exclusion_gate) ... ok
test_custom_url_secret_rejection_and_encoded_delimiter_preservation (test_discovery.DiscoveryTests.test_custom_url_secret_rejection_and_encoded_delimiter_preservation) ... ok
test_douban_dispatch_links_preserve_identity_and_source_type (test_discovery.DiscoveryTests.test_douban_dispatch_links_preserve_identity_and_source_type) ... ok
test_existing_record_only_stopped_precedence_cleanup_and_reprocess (test_discovery.DiscoveryTests.test_existing_record_only_stopped_precedence_cleanup_and_reprocess) ... ok
test_explicit_reprocess_rechecks_stale_existing_archive (test_discovery.DiscoveryTests.test_explicit_reprocess_rechecks_stale_existing_archive) ... ok
test_fix1_identity_constraints_defer_source_type_and_year_conflicts (test_discovery.DiscoveryTests.test_fix1_identity_constraints_defer_source_type_and_year_conflicts) ... ok
test_fix1_ingest_stat_requires_all_real_target_units (test_discovery.DiscoveryTests.test_fix1_ingest_stat_requires_all_real_target_units) ... ok
test_fix1_inventory_is_fail_closed_for_error_and_empty_evidence (test_discovery.DiscoveryTests.test_fix1_inventory_is_fail_closed_for_error_and_empty_evidence) ... ok
test_fix1_ipv6_allowlist_preserves_brackets_and_port (test_discovery.DiscoveryTests.test_fix1_ipv6_allowlist_preserves_brackets_and_port) ... ok
test_fix1_known_future_and_missing_date_seasons_remain_deferred_targets (test_discovery.DiscoveryTests.test_fix1_known_future_and_missing_date_seasons_remain_deferred_targets) ... ok
test_fix1_scheduler_exception_keeps_native_ack_and_continues (test_discovery.DiscoveryTests.test_fix1_scheduler_exception_keeps_native_ack_and_continues) ... ok
test_fix1_shared_origin_spacing_rotates_without_starvation (test_discovery.DiscoveryTests.test_fix1_shared_origin_spacing_rotates_without_starvation) ... ok
test_fix1_target_exception_is_receipted_and_sibling_continues (test_discovery.DiscoveryTests.test_fix1_target_exception_is_receipted_and_sibling_continues) ... ok
test_fix1_total_deadline_covers_redirect_and_delayed_empty_response (test_discovery.DiscoveryTests.test_fix1_total_deadline_covers_redirect_and_delayed_empty_response) ... ok
test_fix2_cross_source_identity_requires_exact_provider_mapping (test_discovery.DiscoveryTests.test_fix2_cross_source_identity_requires_exact_provider_mapping) ... ok
test_fix2_sdk_classification_uses_exact_arbitrary_category_binding (test_discovery.DiscoveryTests.test_fix2_sdk_classification_uses_exact_arbitrary_category_binding) ... ok
test_fix2_terminal_and_unknown_tv_metadata_are_reconsidered_daily (test_discovery.DiscoveryTests.test_fix2_terminal_and_unknown_tv_metadata_are_reconsidered_daily) ... ok
test_fix3_async_url_safety_is_cancelled_inside_total_deadline (test_discovery.DiscoveryTests.test_fix3_async_url_safety_is_cancelled_inside_total_deadline) ... ok
test_fix3_cancelled_run_drains_sync_stage_and_generation_fence_blocks_submit (test_discovery.DiscoveryTests.test_fix3_cancelled_run_drains_sync_stage_and_generation_fence_blocks_submit) ... ok
test_fix3_fetcher_is_native_async_and_closes_inside_running_loop (test_discovery.DiscoveryTests.test_fix3_fetcher_is_native_async_and_closes_inside_running_loop) ... ok
test_fix3_policy_change_reconsiders_record_only_existing_target (test_discovery.DiscoveryTests.test_fix3_policy_change_reconsiders_record_only_existing_target) ... ok
test_fix3_slow_default_getaddrinfo_returns_at_deadline_without_starting_http (test_discovery.DiscoveryTests.test_fix3_slow_default_getaddrinfo_returns_at_deadline_without_starting_http) ... ok
test_fix3_unbound_first_peer_does_not_block_owned_fair_rotation (test_discovery.DiscoveryTests.test_fix3_unbound_first_peer_does_not_block_owned_fair_rotation) ... ok
test_fix4_failed_drain_preserves_repeated_cancellation_and_stops_later_sources (test_discovery.DiscoveryTests.test_fix4_failed_drain_preserves_repeated_cancellation_and_stops_later_sources) ... ok
test_history_changed_canonical_identity_keeps_existing_task (test_discovery.DiscoveryTests.test_history_changed_canonical_identity_keeps_existing_task) ... ok
test_history_exception_isolated_and_does_not_overwrite_committed_result (test_discovery.DiscoveryTests.test_history_exception_isolated_and_does_not_overwrite_committed_result) ... ok
test_history_reparses_original_dispatch_link_and_reuses_same_target (test_discovery.DiscoveryTests.test_history_reparses_original_dispatch_link_and_reuses_same_target) ... ok
test_history_views_separate_identity_evidence (test_discovery.DiscoveryTests.test_history_views_separate_identity_evidence) ... ok
test_host_contract_is_fetch_only_until_submission_is_explicit (test_discovery.DiscoveryTests.test_host_contract_is_fetch_only_until_submission_is_explicit) ... ok
test_host_fetcher_enforces_total_deadline_identity_encoding_and_close (test_discovery.DiscoveryTests.test_host_fetcher_enforces_total_deadline_identity_encoding_and_close) ... ok
test_host_fetcher_exactly_allows_configured_private_ip (test_discovery.DiscoveryTests.test_host_fetcher_exactly_allows_configured_private_ip) ... ok
test_legacy_history_is_raw_and_never_promoted_to_submitted (test_discovery.DiscoveryTests.test_legacy_history_is_raw_and_never_promoted_to_submitted) ... ok
test_legacy_source_syntaxes_and_conflicts_are_explicit (test_discovery.DiscoveryTests.test_legacy_source_syntaxes_and_conflicts_are_explicit) ... ok
test_linked_site_bridge_revalidates_exact_identity_without_duplicate (test_discovery.DiscoveryTests.test_linked_site_bridge_revalidates_exact_identity_without_duplicate) ... ok
test_movie_provider_enum_rating_retains_payload_evidence (test_discovery.DiscoveryTests.test_movie_provider_enum_rating_retains_payload_evidence) ... ok
test_original_linked_douban_task_cannot_be_converted_by_bridge (test_discovery.DiscoveryTests.test_original_linked_douban_task_cannot_be_converted_by_bridge) ... ok
test_owner_receipt_is_exact_and_unbound_owner_cannot_submit (test_discovery.DiscoveryTests.test_owner_receipt_is_exact_and_unbound_owner_cannot_submit) ... ok
test_parser_is_bounded_entity_safe_and_keeps_claims_untrusted (test_discovery.DiscoveryTests.test_parser_is_bounded_entity_safe_and_keeps_claims_untrusted) ... ok
test_partial_tv_archive_is_linked_without_submission_in_record_only_mode (test_discovery.DiscoveryTests.test_partial_tv_archive_is_linked_without_submission_in_record_only_mode) ... ok
test_proposed_custom_source_test_is_fetch_only_and_catalog_lists_custom (test_discovery.DiscoveryTests.test_proposed_custom_source_test_is_fetch_only_and_catalog_lists_custom) ... ok
test_provider_evidence_keeps_json_digest_and_rejects_unknown_objects (test_discovery.DiscoveryTests.test_provider_evidence_keeps_json_digest_and_rejects_unknown_objects) ... ok
test_provider_rating_known_seasons_and_partial_receipts (test_discovery.DiscoveryTests.test_provider_rating_known_seasons_and_partial_receipts) ... ok
test_record_retry_is_bounded_and_policy_revision_reconsiders (test_discovery.DiscoveryTests.test_record_retry_is_bounded_and_policy_revision_reconsiders) ... ok
test_reprocess_early_metadata_defer_drops_stale_archive_receipt (test_discovery.DiscoveryTests.test_reprocess_early_metadata_defer_drops_stale_archive_receipt) ... ok
test_requested_history_replays_without_feed_and_retains_failure_audit (test_discovery.DiscoveryTests.test_requested_history_replays_without_feed_and_retains_failure_audit) ... ok
test_requested_history_respects_source_current_owner_and_target_fences (test_discovery.DiscoveryTests.test_requested_history_respects_source_current_owner_and_target_fences) ... ok
test_requested_history_shares_items_budget_and_deduplicates_feed (test_discovery.DiscoveryTests.test_requested_history_shares_items_budget_and_deduplicates_feed) ... ok
test_retry_limit_stops_repeated_fetch_until_explicit_action (test_discovery.DiscoveryTests.test_retry_limit_stops_repeated_fetch_until_explicit_action) ... ok
test_rule_revision_replays_only_wrong_identity_from_original_rss (test_discovery.DiscoveryTests.test_rule_revision_replays_only_wrong_identity_from_original_rss) ... ok
test_schema8_to_9_keeps_tasks_and_adds_empty_discovery_relations (test_discovery.DiscoveryTests.test_schema8_to_9_keeps_tasks_and_adds_empty_discovery_relations) ... ok
test_site_identity_bridge_preserves_source_and_admission_gates (test_discovery.DiscoveryTests.test_site_identity_bridge_preserves_source_and_admission_gates) ... ok
test_source_failures_are_isolated_and_retry_after_persists_by_origin (test_discovery.DiscoveryTests.test_source_failures_are_isolated_and_retry_after_persists_by_origin) ... ok
test_tv_title_year_bridge_enters_canonical_inventory_without_douban_task (test_discovery.DiscoveryTests.test_tv_title_year_bridge_enters_canonical_inventory_without_douban_task) ... ok
test_unknown_inventory_uses_bounded_refresh_seam_before_deferring (test_discovery.DiscoveryTests.test_unknown_inventory_uses_bounded_refresh_seam_before_deferring) ... ok
test_unknown_provider_score_rechecks_after_daily_due_with_threshold_evidence (test_discovery.DiscoveryTests.test_unknown_provider_score_rechecks_after_daily_due_with_threshold_evidence) ... ok
test_unknown_provider_year_rechecks_after_daily_due (test_discovery.DiscoveryTests.test_unknown_provider_year_rechecks_after_daily_due) ... ok
test_unknown_score_type_conflict_and_inventory_uncertainty_defer (test_discovery.DiscoveryTests.test_unknown_score_type_conflict_and_inventory_uncertainty_defer) ... ok
test_unlinked_douban_tv_never_submits_a_native_target (test_discovery.DiscoveryTests.test_unlinked_douban_tv_never_submits_a_native_target) ... ok
test_user_preset_public_ui_catalog_provenance (test_discovery.DiscoveryTests.test_user_preset_public_ui_catalog_provenance) ... ok
test_user_seven_presets_exact_paths_limits_and_custom_host (test_discovery.DiscoveryTests.test_user_seven_presets_exact_paths_limits_and_custom_host) ... ok
test_actual_recognition_starts_remain_five_seconds_apart_after_gate_write (test_discovery_cache.DoubanCacheTests.test_actual_recognition_starts_remain_five_seconds_apart_after_gate_write) ... ok
test_cache_survives_feeds_revisions_and_restart_but_refreshes (test_discovery_cache.DoubanCacheTests.test_cache_survives_feeds_revisions_and_restart_but_refreshes) ... ok
test_cancelled_spacing_preserves_explicit_history_refresh (test_discovery_cache.DoubanCacheTests.test_cancelled_spacing_preserves_explicit_history_refresh) ... ok
test_concurrent_miss_coalesces_and_conflicting_identity_is_not_cached (test_discovery_cache.DoubanCacheTests.test_concurrent_miss_coalesces_and_conflicting_identity_is_not_cached) ... ok
test_failed_history_rotates_after_untouched_requests_with_one_item_budget (test_discovery_cache.DoubanCacheTests.test_failed_history_rotates_after_untouched_requests_with_one_item_budget) ... ok
test_pending_refresh_survives_cooldown_without_feed (test_discovery_cache.DoubanCacheTests.test_pending_refresh_survives_cooldown_without_feed) ... ok
test_spacing_persists_and_failure_cools_only_same_subject (test_discovery_cache.DoubanCacheTests.test_spacing_persists_and_failure_cools_only_same_subject) ... ok
test_unavailable_entries_cannot_starve_later_subjects_each_day (test_discovery_cache.DoubanCacheTests.test_unavailable_entries_cannot_starve_later_subjects_each_day) ... ok
test_unavailable_is_deferred_and_does_not_exhaust_record (test_discovery_cache.DoubanCacheTests.test_unavailable_is_deferred_and_does_not_exhaust_record) ... ok
test_completed_source_hash_checkpoint_recovers_expired_tick_without_skipping_guards (test_execution.ExecutionTests.test_completed_source_hash_checkpoint_recovers_expired_tick_without_skipping_guards) ... ok
test_copy_receipt_committed_before_asset_projection_recovers_without_copy (test_execution.ExecutionTests.test_copy_receipt_committed_before_asset_projection_recovers_without_copy) ... ok
test_delayed_resume_readback_records_downloading_phase_without_second_rpc (test_execution.ExecutionTests.test_delayed_resume_readback_records_downloading_phase_without_second_rpc) ... ok
test_entire_readback_mismatch_never_resumes (test_execution.ExecutionTests.test_entire_readback_mismatch_never_resumes) ... ok
test_exclusion_added_after_prepare_blocks_resume (test_execution.ExecutionTests.test_exclusion_added_after_prepare_blocks_resume) ... ok
test_execute_preserves_external_pause_until_explicit_resume (test_execution.ExecutionTests.test_execute_preserves_external_pause_until_explicit_resume) ... ok
test_execute_running_readback_records_downloading_phase (test_execution.ExecutionTests.test_execute_running_readback_records_downloading_phase) ... ok
test_historical_shared_font_and_license_keep_all_consumers_in_common_video_directory (test_execution.ExecutionTests.test_historical_shared_font_and_license_keep_all_consumers_in_common_video_directory) ... ok
test_history_repair_inflight_ambiguous_and_exhaustion_cannot_redispatch (test_execution.ExecutionTests.test_history_repair_inflight_ambiguous_and_exhaustion_cannot_redispatch) ... ok
test_host_qb_adapter_paused_add_and_whole_files (test_execution.ExecutionTests.test_host_qb_adapter_paused_add_and_whole_files) ... ok
test_host_tr_namedtuple_file_ids_and_integer_rpc_task_ids (test_execution.ExecutionTests.test_host_tr_namedtuple_file_ids_and_integer_rpc_task_ids) ... ok
test_host_tr_requires_actual_selected_and_completion (test_execution.ExecutionTests.test_host_tr_requires_actual_selected_and_completion) ... ok
test_legacy_resume_running_readback_does_not_send_new_shared_attempt (test_execution.ExecutionTests.test_legacy_resume_running_readback_does_not_send_new_shared_attempt) ... ok
test_legacy_subtitle_preflight_settles_only_proven_not_sent_and_preserves_completed (test_execution.ExecutionTests.test_legacy_subtitle_preflight_settles_only_proven_not_sent_and_preserves_completed) ... ok
test_lost_add_is_durable_unknown_without_automatic_adoption (test_execution.ExecutionTests.test_lost_add_is_durable_unknown_without_automatic_adoption) ... ok
test_lost_resume_readback_settles_without_second_rpc (test_execution.ExecutionTests.test_lost_resume_readback_settles_without_second_rpc) ... ok
test_mutated_torrent_or_stopped_generation_has_zero_external_calls (test_execution.ExecutionTests.test_mutated_torrent_or_stopped_generation_has_zero_external_calls) ... ok
test_ordinary_reentry_preserves_external_pause_and_nonrunning_states (test_execution.ExecutionTests.test_ordinary_reentry_preserves_external_pause_and_nonrunning_states) ... ok
test_organize_adopts_existing_exact_native_transfer_only_with_receipt (test_execution.ExecutionTests.test_organize_adopts_existing_exact_native_transfer_only_with_receipt) ... ok
test_organize_only_completed_authorized_files_with_readback (test_execution.ExecutionTests.test_organize_only_completed_authorized_files_with_readback) ... ok
test_organizer_real_guard_admits_current_dispatch_only (test_execution.ExecutionTests.test_organizer_real_guard_admits_current_dispatch_only) ... ok
test_partial_public_history_compensates_only_missing_rows_without_replay (test_execution.ExecutionTests.test_partial_public_history_compensates_only_missing_rows_without_replay) ... ok
test_reconcile_lost_add_needs_marker_exact_identity_and_full_table (test_execution.ExecutionTests.test_reconcile_lost_add_needs_marker_exact_identity_and_full_table) ... ok
test_resume_new_pause_cycle_and_unknown_cohort_never_replay (test_execution.ExecutionTests.test_resume_new_pause_cycle_and_unknown_cohort_never_replay) ... ok
test_returned_history_repair_without_progress_can_retry_missing_rows (test_execution.ExecutionTests.test_returned_history_repair_without_progress_can_retry_missing_rows) ... ok
test_review_repeat_execute_resume_does_not_pause_running_task (test_execution.ExecutionTests.test_review_repeat_execute_resume_does_not_pause_running_task) ... ok
test_review_shared_excluded_sibling_prevents_client_wide_resume (test_execution.ExecutionTests.test_review_shared_excluded_sibling_prevents_client_wide_resume) ... ok
test_schema4_migration_preserves_all_existing_rows_and_authority (test_execution.ExecutionTests.test_schema4_migration_preserves_all_existing_rows_and_authority) ... ok
test_selected_bytes_and_stale_callback_do_not_reactivate (test_execution.ExecutionTests.test_selected_bytes_and_stale_callback_do_not_reactivate) ... ok
test_shared_cohort_changes_between_revalidation_and_transaction_send_zero_rpc (test_execution.ExecutionTests.test_shared_cohort_changes_between_revalidation_and_transaction_send_zero_rpc) ... ok
test_shared_hash_union_survives_sibling_cancel_and_reselection (test_execution.ExecutionTests.test_shared_hash_union_survives_sibling_cancel_and_reselection) ... ok
test_shuffled_indices_exact_paused_readback_then_resume (test_execution.ExecutionTests.test_shuffled_indices_exact_paused_readback_then_resume) ... ok
test_source_hash_checkpoint_detects_same_size_change_with_restored_mtime (test_execution.ExecutionTests.test_source_hash_checkpoint_detects_same_size_change_with_restored_mtime) ... skipped 'POSIX ctime invalidation requires POSIX filesystem'
test_source_hash_checkpoint_rejects_changes_and_nonposix_never_reuses (test_execution.ExecutionTests.test_source_hash_checkpoint_rejects_changes_and_nonposix_never_reuses) ... ok
test_text_subtitle_languages_and_tracks_keep_exact_public_names (test_execution.ExecutionTests.test_text_subtitle_languages_and_tracks_keep_exact_public_names) ... ok
test_transfer_guard_blocks_unplanned_and_stale_but_leaves_manual (test_execution.ExecutionTests.test_transfer_guard_blocks_unplanned_and_stale_but_leaves_manual) ... ok
test_unknown_shared_resume_receipt_settles_only_original_cohort (test_execution.ExecutionTests.test_unknown_shared_resume_receipt_settles_only_original_cohort) ... ok
test_unmanaged_same_hash_is_never_touched (test_execution.ExecutionTests.test_unmanaged_same_hash_is_never_touched) ... ok
test_actual_mount_all_read_views_auth_bounds_no_writes (test_management.ManagementAPITests.test_actual_mount_all_read_views_auth_bounds_no_writes) ... ok
test_actual_preview_exact_body_stale_and_duplicate_operation (test_management.ManagementAPITests.test_actual_preview_exact_body_stale_and_duplicate_operation) ... ok
test_large_scan_checkpoint_summary_and_entry_pages_are_bounded (test_management.ManagementAPITests.test_large_scan_checkpoint_summary_and_entry_pages_are_bounded) ... ok
test_T116_superseded_old_delivery_remains_visible_for_review (test_management.ManagementTests.test_T116_superseded_old_delivery_remains_visible_for_review) ... ok
test_ai_clear_fences_and_prompt_restore_use_no_model_or_chat (test_management.ManagementTests.test_ai_clear_fences_and_prompt_restore_use_no_model_or_chat) ... ok
test_cancel_never_cleans_and_cleanup_permissions_are_independent (test_management.ManagementTests.test_cancel_never_cleans_and_cleanup_permissions_are_independent) ... ok
test_completed_tv_mode_switch_keeps_episode_facts_and_survives_restart (test_management.ManagementTests.test_completed_tv_mode_switch_keeps_episode_facts_and_survives_restart) ... ok
test_decision_joins_actual_plan_id_and_digest_without_raw_file_table (test_management.ManagementTests.test_decision_joins_actual_plan_id_and_digest_without_raw_file_table) ... ok
test_discovery_add_readback_handoff_and_each_tv_generation (test_management.ManagementTests.test_discovery_add_readback_handoff_and_each_tv_generation) ... ok
test_history_preview_stale_idempotent_and_visibility_independent_metrics (test_management.ManagementTests.test_history_preview_stale_idempotent_and_visibility_independent_metrics) ... ok
test_immediate_common_runtime_waits_for_inventory_and_cannot_revive_stop (test_management.ManagementTests.test_immediate_common_runtime_waits_for_inventory_and_cannot_revive_stop) ... ok
test_immutable_sanitized_decision_survives_reload (test_management.ManagementTests.test_immutable_sanitized_decision_survives_reload) ... ok
test_logical_archive_invalidation_preserves_file_and_no_exclusion (test_management.ManagementTests.test_logical_archive_invalidation_preserves_file_and_no_exclusion) ... ok
test_server_page_and_stable_huge_ids_and_failure (test_management.ManagementTests.test_server_page_and_stable_huge_ids_and_failure) ... ok
test_settings_explicitly_rebind_reviewed_policy_and_parse_revisions (test_management.ManagementTests.test_settings_explicitly_rebind_reviewed_policy_and_parse_revisions) ... ok
test_settings_preserve_clocks_budget_and_stop_has_no_resume (test_management.ManagementTests.test_settings_preserve_clocks_budget_and_stop_has_no_resume) ... ok
test_settings_preview_shows_revisions_and_rejects_changed_revision (test_management.ManagementTests.test_settings_preview_shows_revisions_and_rejects_changed_revision) ... ok
test_unknown_retry_and_shared_reference_never_dispatch (test_management.ManagementTests.test_unknown_retry_and_shared_reference_never_dispatch) ... ok
test_ai_preview_apply_order_all_kinds_without_database_timeout (test_management_quality_fix.QualityFixTests.test_ai_preview_apply_order_all_kinds_without_database_timeout) ... ok
test_configured_references_and_encoded_slashes_reach_exact_domain_checks (test_management_quality_fix.QualityFixTests.test_configured_references_and_encoded_slashes_reach_exact_domain_checks) ... ok
test_reference_bounds_follow_defining_types_and_receipts_stay_strict (test_management_quality_fix.QualityFixTests.test_reference_bounds_follow_defining_types_and_receipts_stay_strict) ... ok
test_actual_reload_none_transitions_keep_old_requests_and_replays_scoped (test_management_reload_fix.ReloadFixTests.test_actual_reload_none_transitions_keep_old_requests_and_replays_scoped) ... ok
test_reload_wins_before_ai_management_lock_and_stale_work_is_rejected (test_management_reload_fix.ReloadFixTests.test_reload_wins_before_ai_management_lock_and_stale_work_is_rejected) ... ok
test_source_record_and_bundle_scalar_reasons_are_safe (test_management_spec_fix.SafeProjectionTests.test_source_record_and_bundle_scalar_reasons_are_safe) ... ok
test_task_detail_and_list_share_safe_actor_and_get_has_no_writes (test_management_spec_fix.SafeProjectionTests.test_task_detail_and_list_share_safe_actor_and_get_has_no_writes) ... ok
test_ingest_counts_current_required_scope_and_generation_only (test_management_spec_fix.ScopeTests.test_ingest_counts_current_required_scope_and_generation_only) ... ok
test_settings_scope_rebind_rolls_back_with_outer_transaction (test_management_spec_fix.ScopeTests.test_settings_scope_rebind_rolls_back_with_outer_transaction) ... ok
test_shrunk_continuous_scope_runs_and_preserves_lifecycle_history (test_management_spec_fix.ScopeTests.test_shrunk_continuous_scope_runs_and_preserves_lifecycle_history) ... ok
test_corrector_error_keeps_existing_fail_closed_reason (test_meta.BridgeTests.test_corrector_error_keeps_existing_fail_closed_reason) ... ok
test_deepcopy_must_preserve_exact_concrete_class (test_meta.BridgeTests.test_deepcopy_must_preserve_exact_concrete_class) ... ok
test_forwarding_result_wrapper_must_disable_instead_of_shadow_correcting (test_meta.BridgeTests.test_forwarding_result_wrapper_must_disable_instead_of_shadow_correcting) ... ok
test_idempotent_install_second_owner_and_restore (test_meta.BridgeTests.test_idempotent_install_second_owner_and_restore) ... ok
test_managed_locks_receive_native_before_global_patch (test_meta.BridgeTests.test_managed_locks_receive_native_before_global_patch) ... ok
test_missing_or_invalid_type_declarations_leave_helpers_unchanged (test_meta.BridgeTests.test_missing_or_invalid_type_declarations_leave_helpers_unchanged) ... ok
test_only_declared_concrete_types_are_accepted_by_both_bridges (test_meta.BridgeTests.test_only_declared_concrete_types_are_accepted_by_both_bridges) ... ok
test_rust_none_is_valid_but_python_none_is_not (test_meta.BridgeTests.test_rust_none_is_valid_but_python_none_is_not) ... ok
test_third_party_above_disables_both_without_overwriting_it (test_meta.BridgeTests.test_third_party_above_disables_both_without_overwriting_it) ... ok
test_two_owners_race_has_one_winner (test_meta.BridgeTests.test_two_owners_race_has_one_winner) ... ok
test_unsupported_shapes_stop_both_bridges_without_touching_native (test_meta.BridgeTests.test_unsupported_shapes_stop_both_bridges_without_touching_native) ... ok
test_version_signature_and_exception_fallback (test_meta.BridgeTests.test_version_signature_and_exception_fallback) ... ok
test_actual_V3_missing_numeric_name_and_false_year_range (test_meta.MetaTests.test_actual_V3_missing_numeric_name_and_false_year_range) ... ok
test_auxiliary_only_stem_under_generic_parent_defers_final_name (test_meta.MetaTests.test_auxiliary_only_stem_under_generic_parent_defers_final_name) ... ok
test_bracket_roles_and_independent_alias (test_meta.MetaTests.test_bracket_roles_and_independent_alias) ... ok
test_entire_credential_headers_are_redacted_in_samples_and_history (test_meta.MetaTests.test_entire_credential_headers_are_redacted_in_samples_and_history) ... ok
test_explicit_movie_lock_and_credential_replay_are_safe (test_meta.MetaTests.test_explicit_movie_lock_and_credential_replay_are_safe) ... ok
test_explicit_ranges_s00_and_subtitle_conflict (test_meta.MetaTests.test_explicit_ranges_s00_and_subtitle_conflict) ... ok
test_failure_original_and_input_budget (test_meta.MetaTests.test_failure_original_and_input_budget) ... ok
test_managed_final_path_repairs_real_rust_range_and_preserves_parent_locks (test_meta.MetaTests.test_managed_final_path_repairs_real_rust_range_and_preserves_parent_locks) ... ok
test_managed_parent_season_survives_numeric_false_episode_repair (test_meta.MetaTests.test_managed_parent_season_survives_numeric_false_episode_repair) ... ok
test_movie_clears_all_false_tv_fields_but_keeps_theatrical_name (test_meta.MetaTests.test_movie_clears_all_false_tv_fields_but_keeps_theatrical_name) ... ok
test_native_failure_is_persisted_and_retryable_without_exposing_error (test_meta.MetaTests.test_native_failure_is_persisted_and_retryable_without_exposing_error) ... ok
test_negative_episode_tokens_and_year_prefix_are_not_title_proof (test_meta.MetaTests.test_negative_episode_tokens_and_year_prefix_are_not_title_proof) ... ok
test_numeric_title_year_and_ambiguous_episode (test_meta.MetaTests.test_numeric_title_year_and_ambiguous_episode) ... ok
test_numeric_word_and_type_are_repaired_on_copy (test_meta.MetaTests.test_numeric_word_and_type_are_repaired_on_copy) ... ok
test_plugin_global_config_save_stop_and_dry_run (test_meta.MetaTests.test_plugin_global_config_save_stop_and_dry_run) ... ok
test_plugin_managed_api_is_wired_and_default_global_off (test_meta.MetaTests.test_plugin_managed_api_is_wired_and_default_global_off) ... ok
test_release_status_and_audio_brackets_are_not_names (test_meta.MetaTests.test_release_status_and_audio_brackets_are_not_names) ... ok
test_revision_persist_and_directed_replay_do_not_mutate_business (test_meta.MetaTests.test_revision_persist_and_directed_replay_do_not_mutate_business) ... ok
test_rust_missing_lock_context_is_diagnostic_not_false_success (test_meta.MetaTests.test_rust_missing_lock_context_is_diagnostic_not_false_success) ... ok
test_schema_migration_and_backup_keep_old_rows (test_meta.MetaTests.test_schema_migration_and_backup_keep_old_rows) ... ok
test_type_only_lock_does_not_lock_false_episode (test_meta.MetaTests.test_type_only_lock_does_not_lock_false_episode) ... ok
test_user_words_tags_and_locks_win_without_reapplying_offset (test_meta.MetaTests.test_user_words_tags_and_locks_win_without_reapplying_offset) ... ok
test_bridge_keeps_words_locks_and_publication_fences (test_meta_numeric_prefix.NumericPrefixTests.test_bridge_keeps_words_locks_and_publication_fences) ... ok
test_bridge_publishes_evidenced_numeric_repair_without_http (test_meta_numeric_prefix.NumericPrefixTests.test_bridge_publishes_evidenced_numeric_repair_without_http) ... ok
test_full_numeric_prefix_and_only_evidenced_episode (test_meta_numeric_prefix.NumericPrefixTests.test_full_numeric_prefix_and_only_evidenced_episode) ... ok
test_locks_words_and_unknown_context_still_win (test_meta_numeric_prefix.NumericPrefixTests.test_locks_words_and_unknown_context_still_win) ... ok
test_no_technical_boundary_no_prefix_invention (test_meta_numeric_prefix.NumericPrefixTests.test_no_technical_boundary_no_prefix_invention) ... ok
test_numeric_prefix_hyphens_have_bounded_backtracking (test_meta_numeric_prefix.NumericPrefixTests.test_numeric_prefix_hyphens_have_bounded_backtracking) ... ok
test_numeric_prefix_stops_before_existing_technical_tail (test_meta_numeric_prefix.NumericPrefixTests.test_numeric_prefix_stops_before_existing_technical_tail) ... ok
test_numeric_prefix_year_is_only_independent_main_technical_year (test_meta_numeric_prefix.NumericPrefixTests.test_numeric_prefix_year_is_only_independent_main_technical_year) ... ok
test_numeric_token_evidence_not_the_full_name_suffix (test_meta_numeric_prefix.NumericPrefixTests.test_numeric_token_evidence_not_the_full_name_suffix) ... ok
test_explicit_current_link_retains_old_status_without_new_work (test_migration_history_link.LegacyHistoryLinkTests.test_explicit_current_link_retains_old_status_without_new_work) ... ok
test_new_link_projection_cannot_expose_private_source_value (test_migration_history_link.LegacyHistoryLinkTests.test_new_link_projection_cannot_expose_private_source_value) ... ok
test_stale_or_mismatched_current_cannot_link (test_migration_history_link.LegacyHistoryLinkTests.test_stale_or_mismatched_current_cannot_link) ... ok
test_clone_package_retarget_does_not_break_management_routes (test_native_ui.NativeUITests.test_clone_package_retarget_does_not_break_management_routes) ... ok
test_diagnostics_exposes_actual_worker_rule_revision_without_paths (test_native_ui.NativeUITests.test_diagnostics_exposes_actual_worker_rule_revision_without_paths) ... ok
test_discovery_history_is_serializable_through_public_response_model (test_native_ui.NativeUITests.test_discovery_history_is_serializable_through_public_response_model) ... ok
test_generated_models_match_actual_mounted_contract (test_native_ui.NativeUITests.test_generated_models_match_actual_mounted_contract) ... ok
test_native_hooks_and_assets (test_native_ui.NativeUITests.test_native_hooks_and_assets) ... ok
test_removed_chat_has_no_registration_routes_or_schema (test_native_ui.NativeUITests.test_removed_chat_has_no_registration_routes_or_schema) ... ok
test_removed_feature_receipt_remains_readable_but_not_selectable (test_native_ui.NativeUITests.test_removed_feature_receipt_remains_readable_but_not_selectable) ... ok
test_scan_item_projection_auth_pagination_and_private_omission (test_native_ui.NativeUITests.test_scan_item_projection_auth_pagination_and_private_omission) ... ok
test_V3_adapter_missing_invalid_or_existing_id_is_not_new_ownership (test_ownership.AdapterContractTests.test_V3_adapter_missing_invalid_or_existing_id_is_not_new_ownership) ... ok
test_V3_adapter_positive_id_accepts_nonempty_success_description (test_ownership.AdapterContractTests.test_V3_adapter_positive_id_accepts_nonempty_success_description) ... ok
test_V3_adapter_success_message_still_requires_identity_and_S_readback (test_ownership.AdapterContractTests.test_V3_adapter_success_message_still_requires_identity_and_S_readback) ... ok
test_native_target_rejects_missing_id_before_string_conversion (test_ownership.AdapterContractTests.test_native_target_rejects_missing_id_before_string_conversion) ... ok
test_T007_T011_manual_other_sid_preserves_original_objects (test_ownership.GuardTests.test_T007_T011_manual_other_sid_preserves_original_objects) ... ok
test_T007_auto_scope_before_added_persistence (test_ownership.GuardTests.test_T007_auto_scope_before_added_persistence) ... ok
test_T008_completion_stopped_guard_and_malformed_origin (test_ownership.GuardTests.test_T008_completion_stopped_guard_and_malformed_origin) ... ok
test_T010_invalid_snapshot_or_store_failure_does_not_allow_native (test_ownership.GuardTests.test_T010_invalid_snapshot_or_store_failure_does_not_allow_native) ... ok
test_V3_context_media_info_preserves_unrelated_original_and_prior_removals (test_ownership.GuardTests.test_V3_context_media_info_preserves_unrelated_original_and_prior_removals) ... ok
test_T010_safe_stop_keeps_shell_paused_stopped_not_reactivated (test_ownership.OwnershipTests.test_T010_safe_stop_keeps_shell_paused_stopped_not_reactivated) ... ok
test_T011_existing_unowned_record_never_silently_adopted (test_ownership.OwnershipTests.test_T011_existing_unowned_record_never_silently_adopted) ... ok
test_T148_explicit_adoption_resolves_conflict_before_pause (test_ownership.OwnershipTests.test_T148_explicit_adoption_resolves_conflict_before_pause) ... ok
test_T148_intent_precedes_pause_and_readback_precedes_ack (test_ownership.OwnershipTests.test_T148_intent_precedes_pause_and_readback_precedes_ack) ... ok
test_T148_lost_create_response_is_not_replayed_or_adopted (test_ownership.OwnershipTests.test_T148_lost_create_response_is_not_replayed_or_adopted) ... ok
test_T148_pause_readback_failure_can_resume_after_reload (test_ownership.OwnershipTests.test_T148_pause_readback_failure_can_resume_after_reload) ... ok
test_T148_pre_dispatch_read_failure_remains_retryable (test_ownership.OwnershipTests.test_T148_pre_dispatch_read_failure_remains_retryable) ... ok
test_T148_preflight_cannot_erase_concurrent_unknown_dispatch (test_ownership.OwnershipTests.test_T148_preflight_cannot_erase_concurrent_unknown_dispatch) ... ok
test_T148_unknown_survives_action_read_failure_without_duplicate_create (test_ownership.OwnershipTests.test_T148_unknown_survives_action_read_failure_without_duplicate_create) ... ok
test_direct_handoff_is_not_limited_to_first_thousand_actions (test_ownership.OwnershipTests.test_direct_handoff_is_not_limited_to_first_thousand_actions) ... ok
test_reconciliation_advances_past_unknown_page_and_wraps_after_reload (test_ownership.OwnershipTests.test_reconciliation_advances_past_unknown_page_and_wraps_after_reload) ... ok
test_reconciliation_wraps_existing_cycle_before_new_arrivals (test_ownership.OwnershipTests.test_reconciliation_wraps_existing_cycle_before_new_arrivals) ... ok
test_release_requires_current_preview_then_verified_readback (test_ownership.OwnershipTests.test_release_requires_current_preview_then_verified_readback) ... ok
test_T150_auto_enable_excludes_existing_and_reenable_disabled_arrivals (test_ownership.PluginTests.test_T150_auto_enable_excludes_existing_and_reenable_disabled_arrivals) ... ok
test_T150_queued_mutations_recheck_enablement_after_stop (test_ownership.PluginTests.test_T150_queued_mutations_recheck_enablement_after_stop) ... ok
test_T150_reload_single_listener_default_safe_and_stale_job (test_ownership.PluginTests.test_T150_reload_single_listener_default_safe_and_stale_job) ... ok
test_V3_host_lifecycle_keeps_disabled_stopped_ownership_guarded (test_ownership.PluginTests.test_V3_host_lifecycle_keeps_disabled_stopped_ownership_guarded) ... ok
test_V3_release_removes_safety_duty_without_enabling_ordinary_work (test_ownership.PluginTests.test_V3_release_removes_safety_duty_without_enabling_ordinary_work) ... ok
test_V3_safety_duty_survives_capability_and_warm_storage_failure (test_ownership.PluginTests.test_V3_safety_duty_survives_capability_and_warm_storage_failure) ... ok
test_V3_service_contract_separates_scheduler_and_callback_kwargs (test_ownership.PluginTests.test_V3_service_contract_separates_scheduler_and_callback_kwargs) ... ok
test_W09_discovery_accept_opens_shared_scheduler_scope (test_ownership.PluginTests.test_W09_discovery_accept_opens_shared_scheduler_scope) ... ok
test_W09_discovery_config_api_and_host_scheduler_are_wired_default_unbound (test_ownership.PluginTests.test_W09_discovery_config_api_and_host_scheduler_are_wired_default_unbound) ... ok
test_W09_discovery_scope_and_inventory_refresh_contract_are_explicit (test_ownership.PluginTests.test_W09_discovery_scope_and_inventory_refresh_contract_are_explicit) ... ok
test_authenticated_api_rejects_anonymous_invalid_and_dryrun_mutations (test_ownership.PluginTests.test_authenticated_api_rejects_anonymous_invalid_and_dryrun_mutations) ... ok
test_delivery_configuration_failure_keeps_ownership_guard_initialized (test_ownership.PluginTests.test_delivery_configuration_failure_keeps_ownership_guard_initialized) ... ok
test_enabled_authenticated_submission_and_disabled_guard (test_ownership.PluginTests.test_enabled_authenticated_submission_and_disabled_guard) ... ok
test_unknown_requires_operator_binding_and_target_readback (test_ownership.RecoveryTests.test_unknown_requires_operator_binding_and_target_readback) ... ok
test_generic_episode_name_needs_provider_named_parent (test_physical_identity.PhysicalIdentityTests.test_generic_episode_name_needs_provider_named_parent) ... ok
test_physical_provider_id_must_not_conflict (test_physical_identity.PhysicalIdentityTests.test_physical_provider_id_must_not_conflict) ... ok
test_provider_alias_and_explicit_type_year_conflicts (test_physical_identity.PhysicalIdentityTests.test_provider_alias_and_explicit_type_year_conflicts) ... ok
test_site_name_cannot_vouch_for_provider_identity_or_wrong_tv_year (test_physical_identity.PhysicalIdentityTests.test_site_name_cannot_vouch_for_provider_identity_or_wrong_tv_year) ... ok
test_wrong_movie_or_show_file_never_gets_acquire_plan (test_physical_identity.PhysicalIdentityTests.test_wrong_movie_or_show_file_never_gets_acquire_plan) ... ok
test_T120_failed_B_replans_superseded_A_but_permanent_exclusion_blocks_it (test_planner.AuthorityTests.test_T120_failed_B_replans_superseded_A_but_permanent_exclusion_blocks_it) ... ok
test_atomic_claim_before_callbacks_two_connections (test_planner.AuthorityTests.test_atomic_claim_before_callbacks_two_connections) ... ok
test_bounded_failure_recovery_reuses_resource_in_new_plan_only (test_planner.AuthorityTests.test_bounded_failure_recovery_reuses_resource_in_new_plan_only) ... ok
test_cancel_preserves_unknown_barrier_and_settled_proof_releases_it (test_planner.AuthorityTests.test_cancel_preserves_unknown_barrier_and_settled_proof_releases_it) ... ok
test_current_revision_and_exclusion_changes_block_dispatch_and_publish (test_planner.AuthorityTests.test_current_revision_and_exclusion_changes_block_dispatch_and_publish) ... ok
test_early_preemption_requires_real_selected_file_cost_and_status (test_planner.AuthorityTests.test_early_preemption_requires_real_selected_file_cost_and_status) ... ok
test_formal_replacement_requires_actual_improvement_not_title (test_planner.AuthorityTests.test_formal_replacement_requires_actual_improvement_not_title) ... ok
test_frozen_legacy_ten_asset_plan_remains_idempotent_and_immutable (test_planner.AuthorityTests.test_frozen_legacy_ten_asset_plan_remains_idempotent_and_immutable) ... ok
test_new_plan_rejects_old_selected_attachment_scope (test_planner.AuthorityTests.test_new_plan_rejects_old_selected_attachment_scope) ... ok
test_no_partial_claim_and_frozen_snapshot (test_planner.AuthorityTests.test_no_partial_claim_and_frozen_snapshot) ... ok
test_partial_supersession_preserves_sibling_and_blocks_old_whole_batch (test_planner.AuthorityTests.test_partial_supersession_preserves_sibling_and_blocks_old_whole_batch) ... ok
test_progress_is_selected_file_evidence_unknown_not_torrent_zero (test_planner.AuthorityTests.test_progress_is_selected_file_evidence_unknown_not_torrent_zero) ... ok
test_publish_and_supersede_serialize (test_planner.AuthorityTests.test_publish_and_supersede_serialize) ... ok
test_publish_barrier_survives_unknown_stop_and_restart (test_planner.AuthorityTests.test_publish_barrier_survives_unknown_stop_and_restart) ... ok
test_queue_replay_and_unknown_attempt_do_not_duplicate_rpc (test_planner.AuthorityTests.test_queue_replay_and_unknown_attempt_do_not_duplicate_rpc) ... ok
test_review_R1_settled_cancelled_target_releases_without_replacement_budget (test_planner.AuthorityTests.test_review_R1_settled_cancelled_target_releases_without_replacement_budget) ... ok
test_review_R2_pause_resume_keeps_issued_publish_receipts_and_barrier (test_planner.AuthorityTests.test_review_R2_pause_resume_keeps_issued_publish_receipts_and_barrier) ... ok
test_review_R2_pause_resume_revokes_queued_and_unqueued_old_execution (test_planner.AuthorityTests.test_review_R2_pause_resume_revokes_queued_and_unqueued_old_execution) ... ok
test_review_R2_schema3_migration_keeps_unknown_barrier_and_requires_reauthorization (test_planner.AuthorityTests.test_review_R2_schema3_migration_keeps_unknown_barrier_and_requires_reauthorization) ... ok
test_schema2_migration_and_sqlite_backup_preserve_business_state (test_planner.AuthorityTests.test_schema2_migration_and_sqlite_backup_preserve_business_state) ... ok
test_shared_physical_video_keeps_reference_but_cannot_publish_half (test_planner.AuthorityTests.test_shared_physical_video_keeps_reference_but_cannot_publish_half) ... ok
test_sibling_phase_does_not_allow_preemption_of_healthy_download (test_planner.AuthorityTests.test_sibling_phase_does_not_allow_preemption_of_healthy_download) ... ok
test_superseded_rapid_receipt_never_revives_or_dispatches (test_planner.AuthorityTests.test_superseded_rapid_receipt_never_revives_or_dispatches) ... ok
test_deterministic_priority_current_multi_version_and_bounded_cover (test_planner.PlanSelectionTests.test_deterministic_priority_current_multi_version_and_bounded_cover) ... ok
test_direct_old_scope_candidate_requires_rebinding (test_planner.PlanSelectionTests.test_direct_old_scope_candidate_requires_rebinding) ... ok
test_indivisible_video_excluded_target_and_incomplete_season (test_planner.PlanSelectionTests.test_indivisible_video_excluded_target_and_incomplete_season) ... ok
test_pack_cannot_degrade_but_episode_mode_selects_only_valuable_files (test_planner.PlanSelectionTests.test_pack_cannot_degrade_but_episode_mode_selects_only_valuable_files) ... ok
test_same_video_sidecar_plan_tolerates_unknown_current_text_rank (test_planner.PlanSelectionTests.test_same_video_sidecar_plan_tolerates_unknown_current_text_rank) ... ok
test_unchanged_sibling_keeps_text_subtitle_and_rejects_invalid_dependency (test_planner.PlanSelectionTests.test_unchanged_sibling_keeps_text_subtitle_and_rejects_invalid_dependency) ... ok
test_unknown_or_provider_error_never_becomes_acquire (test_planner.PlanSelectionTests.test_unknown_or_provider_error_never_becomes_acquire) ... ok
test_T018_each_picture_claim_and_restoration_boundary (test_policy.PolicyTests.test_T018_each_picture_claim_and_restoration_boundary) ... ok
test_T019_source_identity_and_disc_blacklist (test_policy.PolicyTests.test_T019_source_identity_and_disc_blacklist) ... ok
test_active_reliable_versions_only_and_never_downgrade (test_policy.PolicyTests.test_active_reliable_versions_only_and_never_downgrade) ... ok
test_all_542_migrated_category_levels_are_reachable_in_exact_order (test_policy.PolicyTests.test_all_542_migrated_category_levels_are_reachable_in_exact_order) ... ok
test_an_equal_current_highest_prevents_transfer_for_lower_duplicate (test_policy.PolicyTests.test_an_equal_current_highest_prevents_transfer_for_lower_duplicate) ... ok
test_audio_and_resolution_picture_normalization (test_policy.PolicyTests.test_audio_and_resolution_picture_normalization) ... ok
test_bounded_custom_regex_and_malformed_import (test_policy.PolicyTests.test_bounded_custom_regex_and_malformed_import) ... ok
test_category_matrix (test_policy.PolicyTests.test_category_matrix) ... ok
test_category_specific_dimensions_and_special_negations (test_policy.PolicyTests.test_category_specific_dimensions_and_special_negations) ... ok
test_classification_and_explicit_gates_fail_closed (test_policy.PolicyTests.test_classification_and_explicit_gates_fail_closed) ... ok
test_classification_fail_closed_and_source_does_not_invent_country_scope (test_policy.PolicyTests.test_classification_fail_closed_and_source_does_not_invent_country_scope) ... ok
test_group_platform_locks_and_malformed_gates (test_policy.PolicyTests.test_group_platform_locks_and_malformed_gates) ... ok
test_japanese_tiers_and_exceptions_keep_base_filters (test_policy.PolicyTests.test_japanese_tiers_and_exceptions_keep_base_filters) ... ok
test_language_negations_and_native_OR_guard (test_policy.PolicyTests.test_language_negations_and_native_OR_guard) ... ok
test_legacy_override_import_and_revision_require_reprofile (test_policy.PolicyTests.test_legacy_override_import_and_revision_require_reprofile) ... ok
test_lexicographic_precedence (test_policy.PolicyTests.test_lexicographic_precedence) ... ok
test_missing_dimension_is_not_an_ordinary_unmentioned_tag (test_policy.PolicyTests.test_missing_dimension_is_not_an_ordinary_unmentioned_tag) ... ok
test_missing_required_evidence_and_provider_error (test_policy.PolicyTests.test_missing_required_evidence_and_provider_error) ... ok
test_old_group_unknown_does_not_remove_current_or_block_earlier_dimension (test_policy.PolicyTests.test_old_group_unknown_does_not_remove_current_or_block_earlier_dimension) ... ok
test_owned_snapshot_exact_migration_and_full_group_list (test_policy.PolicyTests.test_owned_snapshot_exact_migration_and_full_group_list) ... ok
test_public_classification_adapter_refreshes_without_losing_manual_override (test_policy.PolicyTests.test_public_classification_adapter_refreshes_without_losing_manual_override) ... ok
test_review_F1_incomplete_text_cannot_prove_negative_filters (test_policy.PolicyTests.test_review_F1_incomplete_text_cannot_prove_negative_filters) ... ok
test_review_F2_movie_source_override_is_independent_of_web_label (test_policy.PolicyTests.test_review_F2_movie_source_override_is_independent_of_web_label) ... ok
test_review_F3_unknown_admission_predicate_preserves_current_profile (test_policy.PolicyTests.test_review_F3_unknown_admission_predicate_preserves_current_profile) ... ok
test_review_cached_facts_require_new_normalization_contract (test_policy.PolicyTests.test_review_cached_facts_require_new_normalization_contract) ... ok
test_review_fix2_unknown_source_defers_but_known_rejection_remains (test_policy.PolicyTests.test_review_fix2_unknown_source_defers_but_known_rejection_remains) ... ok
test_semantic_reorder_preserves_evidence_key_and_import_is_detached (test_policy.PolicyTests.test_semantic_reorder_preserves_evidence_key_and_import_is_detached) ... ok
test_sidecar_equivalence_tolerates_only_unknown_current_rank_dimensions (test_policy.PolicyTests.test_sidecar_equivalence_tolerates_only_unknown_current_rank_dimensions) ... ok
test_special_evidence_and_once_only_final_association (test_policy.PolicyTests.test_special_evidence_and_once_only_final_association) ... ok
test_structured_predicates_and_validated_import (test_policy.PolicyTests.test_structured_predicates_and_validated_import) ... ok
test_web_technical_boundary_and_base_exclusions (test_policy.PolicyTests.test_web_technical_boundary_and_base_exclusions) ... ok
test_T010_released_paused_passive_stopped_are_distinct (test_repository.RepositoryTests.test_T010_released_paused_passive_stopped_are_distinct) ... ok
test_T148_intent_conflicts_and_separate_source_group_season (test_repository.RepositoryTests.test_T148_intent_conflicts_and_separate_source_group_season) ... ok
test_T148_persist_before_host_and_public_snapshot_sanitized (test_repository.RepositoryTests.test_T148_persist_before_host_and_public_snapshot_sanitized) ... ok
test_T188_parallel_intents_one_target_and_stopped_never_revives (test_repository.RepositoryTests.test_T188_parallel_intents_one_target_and_stopped_never_revives) ... ok
test_competing_explicit_adoptions_bind_one_native_snapshot (test_repository.RepositoryTests.test_competing_explicit_adoptions_bind_one_native_snapshot) ... ok
test_explicit_conflict_adoption_is_atomic_and_cannot_steal_or_revive (test_repository.RepositoryTests.test_explicit_conflict_adoption_is_atomic_and_cannot_steal_or_revive) ... ok
test_future_schema_is_not_downgraded (test_repository.RepositoryTests.test_future_schema_is_not_downgraded) ... ok
test_cold_exact_resource_rebuild_executes_strict_selection_and_changed_hash_defers (test_runtime.ColdExecutionTests.test_cold_exact_resource_rebuild_executes_strict_selection_and_changed_hash_defers) ... ok
test_completed_asset_with_changed_destination_cannot_prepare_delivery (test_runtime.ColdExecutionTests.test_completed_asset_with_changed_destination_cannot_prepare_delivery) ... ok
test_completed_organized_assets_reenter_delivery_without_rehashing_source (test_runtime.ColdExecutionTests.test_completed_organized_assets_reenter_delivery_without_rehashing_source) ... ok
test_generation_change_and_unverified_classification_send_no_native_request (test_runtime.CommonAdmissionTests.test_generation_change_and_unverified_classification_send_no_native_request) ... ok
test_manual_native_discovery_converge_and_freeze_real_config_separate_from_restore (test_runtime.CommonAdmissionTests.test_manual_native_discovery_converge_and_freeze_real_config_separate_from_restore) ... ok
test_restart_recovers_admitted_opportunity_without_overwriting_native_snapshot (test_runtime.CommonAdmissionTests.test_restart_recovers_admitted_opportunity_without_overwriting_native_snapshot) ... ok
test_server_derives_all_assets_then_shared_atomic_ingest_and_duplicate (test_runtime.ConsumerTests.test_server_derives_all_assets_then_shared_atomic_ingest_and_duplicate) ... ok
test_group_join_uses_episode_provider_id_not_broadcast_number_or_offset (test_runtime.DirectedInventoryTests.test_group_join_uses_episode_provider_id_not_broadcast_number_or_offset) ... ok
test_provider_query_uses_verified_series_parent_and_no_extra_terminal_request (test_runtime.DirectedInventoryTests.test_provider_query_uses_verified_series_parent_and_no_extra_terminal_request) ... ok
test_cancel_reload_drains_actual_thread_before_close_and_rejects_new_stage (test_runtime.OwnedStageTests.test_cancel_reload_drains_actual_thread_before_close_and_rejects_new_stage) ... ok
test_completed_oneshot_is_not_reopened_by_bootstrap (test_runtime.PassiveTests.test_completed_oneshot_is_not_reopened_by_bootstrap) ... ok
test_duplicate_site_rss_workers_keep_both_arrivals_and_one_budget (test_runtime.PassiveTests.test_duplicate_site_rss_workers_keep_both_arrivals_and_one_budget) ... ok
test_expired_arrival_after_empty_feed_and_restart_keeps_same_budget (test_runtime.PassiveTests.test_expired_arrival_after_empty_feed_and_restart_keeps_same_budget) ... ok
test_expired_search_does_not_advance_site_cursor_or_cooldown (test_runtime.PassiveTests.test_expired_search_does_not_advance_site_cursor_or_cooldown) ... ok
test_independent_rss_persists_watermark_failure_empty_and_cold_cursor (test_runtime.PassiveTests.test_independent_rss_persists_watermark_failure_empty_and_cold_cursor) ... ok
test_large_selected_site_list_rotates_with_one_search_budget (test_runtime.PassiveTests.test_large_selected_site_list_rotates_with_one_search_budget) ... ok
test_passive_rss_arrival_deadline_keeps_pending_candidate (test_runtime.PassiveTests.test_passive_rss_arrival_deadline_keeps_pending_candidate) ... ok
test_passive_rss_locked_candidate_does_not_save_late_row_or_cooldown (test_runtime.PassiveTests.test_passive_rss_locked_candidate_does_not_save_late_row_or_cooldown) ... ok
test_passive_rss_slow_fetch_obeys_deadline (test_runtime.PassiveTests.test_passive_rss_slow_fetch_obeys_deadline) ... ok
test_passive_rss_slow_sites_obeys_deadline (test_runtime.PassiveTests.test_passive_rss_slow_sites_obeys_deadline) ... ok
test_passive_scan_only_archives_and_valid_upgrade_opens_scoped_oneshot (test_runtime.PassiveTests.test_passive_scan_only_archives_and_valid_upgrade_opens_scoped_oneshot) ... ok
test_policy_reprofile_pages_stored_facts_without_provider_or_clock_writes (test_runtime.PassiveTests.test_policy_reprofile_pages_stored_facts_without_provider_or_clock_writes) ... ok
test_reprofile_page_failure_does_not_persist_partial_results (test_runtime.PassiveTests.test_reprofile_page_failure_does_not_persist_partial_results) ... ok
test_candidate_evaluation_only_uses_aired_episodes (test_runtime.ProviderTests.test_candidate_evaluation_only_uses_aired_episodes) ... ok
test_counts_duplicates_wrong_identity_future_and_unknown_are_not_complete_scope (test_runtime.ProviderTests.test_counts_duplicates_wrong_identity_future_and_unknown_are_not_complete_scope) ... ok
test_explicit_provider_rows_and_group_membership_preserve_broadcast_identity (test_runtime.ProviderTests.test_explicit_provider_rows_and_group_membership_preserve_broadcast_identity) ... ok
test_runtime_replacement_requires_physical_isolation_and_keeps_budget (test_runtime.ReplacementTests.test_runtime_replacement_requires_physical_isolation_and_keeps_budget) ... ok
test_final_sql_does_not_overwrite_newer_other_library_or_authority_facts (test_runtime.ScanFinalizationTests.test_final_sql_does_not_overwrite_newer_other_library_or_authority_facts) ... ok
test_finalize_is_bounded_restartable_and_does_not_publish_before_watermark (test_runtime.ScanFinalizationTests.test_finalize_is_bounded_restartable_and_does_not_publish_before_watermark) ... ok
test_late_finalize_failure_keeps_every_old_version (test_runtime.ScanFinalizationTests.test_late_finalize_failure_keeps_every_old_version) ... ok
test_fifty_thousand_bounded_finalize_atomic_watermark (test_runtime_capacity.CapacityTests.test_fifty_thousand_bounded_finalize_atomic_watermark) ... ok
test_owned_download_work_refreshes_before_sample_warm_and_restarted (test_runtime_cold_work.ColdWorkTests.test_owned_download_work_refreshes_before_sample_warm_and_restarted) ... ok
test_partial_owned_work_recovers_only_surviving_progress (test_runtime_cold_work.ColdWorkTests.test_partial_owned_work_recovers_only_surviving_progress) ... ok
test_replacement_cost_refresh_uses_old_frozen_input (test_runtime_cold_work.ColdWorkTests.test_replacement_cost_refresh_uses_old_frozen_input) ... ok
test_archive_source_proof_reaches_real_evidence_confirmation (test_runtime_fix1.RuntimeFixTests.test_archive_source_proof_reaches_real_evidence_confirmation) ... ok
test_cold_fixture_does_not_bootstrap_available_host_sdk (test_runtime_fix1.RuntimeFixTests.test_cold_fixture_does_not_bootstrap_available_host_sdk) ... ok
test_complete_round_prefers_better_and_does_not_trust_unavailable_old_best (test_runtime_fix1.RuntimeFixTests.test_complete_round_prefers_better_and_does_not_trust_unavailable_old_best) ... ok
test_consumer_budget_stops_between_provider_and_emby (test_runtime_fix1.RuntimeFixTests.test_consumer_budget_stops_between_provider_and_emby) ... ok
test_expired_warm_round_refreshes_exact_plan_without_duplicate_add (test_runtime_fix1.RuntimeFixTests.test_expired_warm_round_refreshes_exact_plan_without_duplicate_add) ... ok
test_explicit_inventory_template_is_used_and_partitioned (test_runtime_fix1.RuntimeFixTests.test_explicit_inventory_template_is_used_and_partitioned) ... ok
test_immature_shared_pack_does_not_block_mature_safe_episode (test_runtime_fix1.RuntimeFixTests.test_immature_shared_pack_does_not_block_mature_safe_episode) ... ok
test_legacy_fallback_validates_copy_but_preserves_transfer_hash (test_runtime_fix1.RuntimeFixTests.test_legacy_fallback_validates_copy_but_preserves_transfer_hash) ... ok
test_local_scan_cleanup_lane_is_bounded_and_checks_each_permission (test_runtime_fix1.RuntimeFixTests.test_local_scan_cleanup_lane_is_bounded_and_checks_each_permission) ... ok
test_local_sidecar_window_and_new_plan_preserve_source_table (test_runtime_fix1.RuntimeFixTests.test_local_sidecar_window_and_new_plan_preserve_source_table) ... ok
test_proven_current_video_selects_only_local_sidecar_and_never_downloads_video (test_runtime_fix1.RuntimeFixTests.test_proven_current_video_selects_only_local_sidecar_and_never_downloads_video) ... ok
test_public_nested_plugin_callbacks_are_not_mistaken_for_disabled (test_runtime_fix1.RuntimeFixTests.test_public_nested_plugin_callbacks_are_not_mistaken_for_disabled) ... ok
test_search_budget_stops_new_http_after_slow_page_size (test_runtime_fix1.RuntimeFixTests.test_search_budget_stops_new_http_after_slow_page_size) ... ok
test_slow_search_stops_before_evaluation_and_retains_round (test_runtime_fix1.RuntimeFixTests.test_slow_search_stops_before_evaluation_and_retains_round) ... ok
test_unverified_subtitle_assets_do_not_reach_organization (test_runtime_fix1.RuntimeFixTests.test_unverified_subtitle_assets_do_not_reach_organization) ... ok
test_cleanup_deadline_blocks_files_and_remove_after_slow_task (test_runtime_fix2.RuntimeFix2Tests.test_cleanup_deadline_blocks_files_and_remove_after_slow_task) ... ok
test_cleanup_slow_files_suppresses_remove_and_issued_slow_remove_stays_unknown (test_runtime_fix2.RuntimeFix2Tests.test_cleanup_slow_files_suppresses_remove_and_issued_slow_remove_stays_unknown) ... ok
test_data_cleanup_stops_after_slow_absent_task_read (test_runtime_fix2.RuntimeFix2Tests.test_data_cleanup_stops_after_slow_absent_task_read) ... ok
test_late_sidecar_with_original_torrent_subtitle_reaches_organizer (test_runtime_fix2.RuntimeFix2Tests.test_late_sidecar_with_original_torrent_subtitle_reaches_organizer) ... ok
test_mixed_sidecar_wanted_mismatch_still_blocks_organization (test_runtime_fix2.RuntimeFix2Tests.test_mixed_sidecar_wanted_mismatch_still_blocks_organization) ... ok
test_recognition_checks_after_assist_and_direct_service_deadline (test_runtime_fix2.RuntimeFix2Tests.test_recognition_checks_after_assist_and_direct_service_deadline) ... ok
test_recognition_deadline_blocks_provider_after_slow_parse (test_runtime_fix2.RuntimeFix2Tests.test_recognition_deadline_blocks_provider_after_slow_parse) ... ok
test_local_only_target_current_change_before_transaction_blocks_all_rpc (test_runtime_fix3.MixedTargetTests.test_local_only_target_current_change_before_transaction_blocks_all_rpc) ... ok
test_local_only_target_generation_change_before_transaction_blocks_all_rpc (test_runtime_fix3.MixedTargetTests.test_local_only_target_generation_change_before_transaction_blocks_all_rpc) ... ok
test_mixed_targets_select_only_real_subtitle_and_organize_all_subtitles (test_runtime_fix3.MixedTargetTests.test_mixed_targets_select_only_real_subtitle_and_organize_all_subtitles) ... ok
test_task_pause_before_transaction_blocks_all_rpc (test_runtime_fix3.MixedTargetTests.test_task_pause_before_transaction_blocks_all_rpc) ... ok
test_unknown_physical_selection_settles_by_exact_readback_without_replay (test_runtime_fix3.MixedTargetTests.test_unknown_physical_selection_settles_by_exact_readback_without_replay) ... ok
test_disable_during_channel_wait_prevents_body (test_runtime_fix4.QualityTests.test_disable_during_channel_wait_prevents_body) ... ok
test_disabled_safety_reads_cancel_and_observation_cannot_start_body (test_runtime_fix4.QualityTests.test_disabled_safety_reads_cancel_and_observation_cannot_start_body) ... ok
test_expired_partial_runtime_reaches_organization (test_runtime_fix4.QualityTests.test_expired_partial_runtime_reaches_organization) ... ok
test_explicit_cost_subset_is_not_full_active_progress (test_runtime_fix4.QualityTests.test_explicit_cost_subset_is_not_full_active_progress) ... ok
test_partial_cold_recovery_matches_warm_surviving_scope (test_runtime_fix4.QualityTests.test_partial_cold_recovery_matches_warm_surviving_scope) ... ok
test_partial_runtime_organizer_and_delivery_keep_only_surviving_publication (test_runtime_fix4.QualityTests.test_partial_runtime_organizer_and_delivery_keep_only_surviving_publication) ... ok
test_provider_retirement_between_calls_blocks_next_ordinary_stage (test_runtime_fix4.QualityTests.test_provider_retirement_between_calls_blocks_next_ordinary_stage) ... ok
test_queued_up_partial_sample_is_complete_and_records_only_owned_scope (test_runtime_fix4.QualityTests.test_queued_up_partial_sample_is_complete_and_records_only_owned_scope) ... ok
test_rapid_disabled_response_is_unknown_not_miss_and_range_rechecks_gate (test_runtime_fix4.QualityTests.test_rapid_disabled_response_is_unknown_not_miss_and_range_rechecks_gate) ... ok
test_remaining_incomplete_or_unknown_bytes_do_not_complete (test_runtime_fix4.QualityTests.test_remaining_incomplete_or_unknown_bytes_do_not_complete) ... ok
test_retirement_after_channel_prevents_upload_start (test_runtime_fix4.QualityTests.test_retirement_after_channel_prevents_upload_start) ... ok
test_retirement_after_page_size_prevents_search (test_runtime_fix4.QualityTests.test_retirement_after_page_size_prevents_search) ... ok
test_surviving_changed_resource_or_current_rejected_after_cold_refresh (test_runtime_fix4.QualityTests.test_surviving_changed_resource_or_current_rejected_after_cold_refresh) ... ok
test_config_requires_explicit_finite_durations_and_aware_time (test_scheduler.SchedulerTests.test_config_requires_explicit_finite_durations_and_aware_time) ... ok
test_continuous_success_closes_round_but_keeps_task_and_target_cooldown (test_scheduler.SchedulerTests.test_continuous_success_closes_round_but_keeps_task_and_target_cooldown) ... ok
test_cooldown_overlaps_observation_and_does_not_block_repairs (test_scheduler.SchedulerTests.test_cooldown_overlaps_observation_and_does_not_block_repairs) ... ok
test_each_target_must_mature_and_immediate_is_time_only (test_scheduler.SchedulerTests.test_each_target_must_mature_and_immediate_is_time_only) ... ok
test_expiry_fixed_idle_and_unknown_end_keep_missing_eligible (test_scheduler.SchedulerTests.test_expiry_fixed_idle_and_unknown_end_keep_missing_eligible) ... ok
test_final_archive_transaction_rollback_and_old_receipt_do_not_consume (test_scheduler.SchedulerTests.test_final_archive_transaction_rollback_and_old_receipt_do_not_consume) ... ok
test_ingest_only_clock_and_oneshot_archive_persist (test_scheduler.SchedulerTests.test_ingest_only_clock_and_oneshot_archive_persist) ... ok
test_observation_repeats_and_better_do_not_move_hard_cap (test_scheduler.SchedulerTests.test_observation_repeats_and_better_do_not_move_hard_cap) ... ok
test_opportunity_lineage_failure_budget_and_stopped (test_scheduler.SchedulerTests.test_opportunity_lineage_failure_budget_and_stopped) ... ok
test_out_of_order_better_candidate_never_rewinds_quiet_window (test_scheduler.SchedulerTests.test_out_of_order_better_candidate_never_rewinds_quiet_window) ... ok
test_real_bounded_tick_is_wired_to_host_reconcile (test_scheduler.SchedulerTests.test_real_bounded_tick_is_wired_to_host_reconcile) ... ok
test_review_R3_authorization_checks_expiry_without_tick (test_scheduler.SchedulerTests.test_review_R3_authorization_checks_expiry_without_tick) ... ok
test_review_R4_different_mode_or_validated_config_requires_explicit_merge (test_scheduler.SchedulerTests.test_review_R4_different_mode_or_validated_config_requires_explicit_merge) ... ok
test_sidecar_ingest_preserves_quality_clock (test_scheduler.SchedulerTests.test_sidecar_ingest_preserves_quality_clock) ... ok
test_stopped_late_ingest_is_receipt_only_and_continuous_round_closes (test_scheduler.SchedulerTests.test_stopped_late_ingest_is_receipt_only_and_continuous_round_closes) ... ok
test_slow_site_enumeration_returns_at_deadline (test_search_deadline.SearchDeadlineTests.test_slow_site_enumeration_returns_at_deadline) ... ok
test_slow_site_search_returns_at_deadline_without_late_candidate (test_search_deadline.SearchDeadlineTests.test_slow_site_search_returns_at_deadline_without_late_candidate) ... ok
test_sqlite_lock_cannot_extend_deadline_or_save_late_candidate (test_search_deadline.SearchDeadlineTests.test_sqlite_lock_cannot_extend_deadline_or_save_late_candidate) ... ok
test_explicit_task_override_and_revalidation_keep_the_same_precedence (test_season_locks.SeasonLockTests.test_explicit_task_override_and_revalidation_keep_the_same_precedence) ... ok
test_invalid_season_and_unknown_scope_fail_closed (test_season_locks.SeasonLockTests.test_invalid_season_and_unknown_scope_fail_closed) ... ok
test_management_simulation_defers_season_without_guessing_scope (test_season_locks.SeasonLockTests.test_management_simulation_defers_season_without_guessing_scope) ... ok
test_matching_and_mismatching_explicit_season_with_quality_locks (test_season_locks.SeasonLockTests.test_matching_and_mismatching_explicit_season_with_quality_locks) ... ok
test_mixed_season_physical_file_is_never_partially_selected (test_season_locks.SeasonLockTests.test_mixed_season_physical_file_is_never_partially_selected) ... ok
test_native_publication_gate_reads_global_and_exact_task_override (test_season_locks.SeasonLockTests.test_native_publication_gate_reads_global_and_exact_task_override) ... ok
test_raw_reprofile_defers_unproved_season_and_rechecks_lock_changes (test_season_locks.SeasonLockTests.test_raw_reprofile_defers_unproved_season_and_rechecks_lock_changes) ... ok
test_expired_deadline_and_transport_errors_are_sanitized (test_site_detail.SiteDetailTests.test_expired_deadline_and_transport_errors_are_sanitized) ... ok
test_foreign_origin_unselected_and_unsafe_send_no_request (test_site_detail.SiteDetailTests.test_foreign_origin_unselected_and_unsafe_send_no_request) ... ok
test_redirect_and_oversize_close_without_full_content (test_site_detail.SiteDetailTests.test_redirect_and_oversize_close_without_full_content) ... ok
test_stream_deadline_closes (test_site_detail.SiteDetailTests.test_stream_deadline_closes) ... ok
test_success_uses_selected_configuration_and_closes (test_site_detail.SiteDetailTests.test_success_uses_selected_configuration_and_closes) ... ok
test_actual_body_statement_is_not_verified (test_site_identity.SiteIdentityTests.test_actual_body_statement_is_not_verified) ... ok
test_anchor_and_duplicate_same_id (test_site_identity.SiteIdentityTests.test_anchor_and_duplicate_same_id) ... ok
test_bbcode_label_conflict_and_leading_zero_imdb (test_site_identity.SiteIdentityTests.test_bbcode_label_conflict_and_leading_zero_imdb) ... ok
test_conflicting_body_ids (test_site_identity.SiteIdentityTests.test_conflicting_body_ids) ... ok
test_duplicate_attributes_and_overlong_ids_are_unknown (test_site_identity.SiteIdentityTests.test_duplicate_attributes_and_overlong_ids_are_unknown) ... ok
test_hidden_subtrees_and_hidden_container_do_not_declare_ids (test_site_identity.SiteIdentityTests.test_hidden_subtrees_and_hidden_container_do_not_declare_ids) ... ok
test_missing_multiple_or_unclosed_body_and_untyped_input (test_site_identity.SiteIdentityTests.test_missing_multiple_or_unclosed_body_and_untyped_input) ... ok
test_navigation_recommendations_and_scripts_are_not_evidence (test_site_identity.SiteIdentityTests.test_navigation_recommendations_and_scripts_are_not_evidence) ... ok
test_wrong_host_path_and_transport (test_site_identity.SiteIdentityTests.test_wrong_host_path_and_transport) ... ok
test_absent_imdb_and_provider_failure_stay_unknown (test_site_identity_bridge.BridgeTests.test_absent_imdb_and_provider_failure_stay_unknown) ... ok
test_all_bounded_matching_bodies_checked_for_conflict (test_site_identity_bridge.BridgeTests.test_all_bounded_matching_bodies_checked_for_conflict) ... ok
test_budget_caps_and_checkpoint_deadline_propagate (test_site_identity_bridge.BridgeTests.test_budget_caps_and_checkpoint_deadline_propagate) ... ok
test_conflicting_canonical_for_same_imdb_is_not_first_match_win (test_site_identity_bridge.BridgeTests.test_conflicting_canonical_for_same_imdb_is_not_first_match_win) ... ok
test_conflicts_and_wrong_type_never_verified (test_site_identity_bridge.BridgeTests.test_conflicts_and_wrong_type_never_verified) ... ok
test_default_single_page_budget_searches_original_name (test_site_identity_bridge.BridgeTests.test_default_single_page_budget_searches_original_name) ... ok
test_independent_original_candidate_and_unmodified_provider (test_site_identity_bridge.BridgeTests.test_independent_original_candidate_and_unmodified_provider) ... ok
test_noisy_alias_cannot_hide_primary_result (test_site_identity_bridge.BridgeTests.test_noisy_alias_cannot_hide_primary_result) ... ok
test_one_result_slot_falls_back_to_primary_trusted_name (test_site_identity_bridge.BridgeTests.test_one_result_slot_falls_back_to_primary_trusted_name) ... ok
test_other_douban_is_skipped_without_recognition (test_site_identity_bridge.BridgeTests.test_other_douban_is_skipped_without_recognition) ... ok
test_trusted_words_remain_available_for_identity_check_with_one_result_slot (test_site_identity_bridge.BridgeTests.test_trusted_words_remain_available_for_identity_check_with_one_result_slot) ... ok
test_tv_title_year_match_without_cross_source_id_stays_unknown (test_site_identity_bridge.BridgeTests.test_tv_title_year_match_without_cross_source_id_stays_unknown) ... ok
test_cold_archive_revision_drift_releases_only_safe_paused_plan (test_stale_plan_replan.StalePlanReplanTests.test_cold_archive_revision_drift_releases_only_safe_paused_plan) ... ok
test_started_or_progressing_download_keeps_stale_authority (test_stale_plan_replan.StalePlanReplanTests.test_started_or_progressing_download_keeps_stale_authority) ... ok
test_unknown_add_outcome_keeps_stale_authority (test_stale_plan_replan.StalePlanReplanTests.test_unknown_add_outcome_keeps_stale_authority) ... ok

----------------------------------------------------------------------
Ran 714 tests in 225.710s

OK (skipped=5)
